,userId,is_active
0,0,0
1,1,0
2,2,1
3,3,1
4,4,1
5,5,0
6,6,1
7,7,1
8,8,0
9,9,0
10,10,0
11,11,0
12,12,0
13,13,1
14,14,1
15,15,1
16,16,1
17,17,1
18,18,1
19,19,0
20,20,0
21,21,0
22,22,0
23,23,0
24,24,0
25,25,1
26,26,1
27,27,0
28,28,1
29,29,1
30,30,0
31,31,1
32,32,1
33,33,0
34,34,0
35,35,0
36,36,1
37,37,0
38,38,1
39,39,1
40,40,1
41,41,0
42,42,0
43,43,0
44,44,0
45,45,1
46,46,0
47,47,0
48,48,0
49,49,0
50,50,0
51,51,0
52,52,0
53,53,0
54,54,0
55,55,0
56,56,1
57,57,0
58,58,0
59,59,0
60,60,1
61,61,1
62,62,0
63,63,1
64,64,1
65,65,1
66,66,0
67,67,0
68,68,0
69,69,1
70,70,0
71,71,0
72,72,1
73,73,1
74,74,0
75,75,0
76,76,1
77,77,1
78,78,0
79,79,1
80,80,1
81,81,1
82,82,0
83,83,1
84,84,0
85,85,1
86,86,0
87,87,0
88,88,1
89,89,0
90,90,0
91,91,1
92,92,1
93,93,0
94,94,0
95,95,0
96,96,0
97,97,0
98,98,1
99,99,1
100,100,1
101,101,0
102,102,0
103,103,1
104,104,1
105,105,1
106,106,1
107,107,0
108,108,0
109,109,1
110,110,1
111,111,1
112,112,0
113,113,0
114,114,0
115,115,1
116,116,0
117,117,0
118,118,0
119,119,1
120,120,1
121,121,1
122,122,0
123,123,1
124,124,0
125,125,1
126,126,0
127,127,0
128,128,0
129,129,0
130,130,0
131,131,0
132,132,0
133,133,1
134,134,0
135,135,1
136,136,0
137,137,1
138,138,1
139,139,1
140,140,0
141,141,1
142,142,1
143,143,0
144,144,0
145,145,1
146,146,1
147,147,0
148,148,1
149,149,0
150,150,1
151,151,1
152,152,1
153,153,1
154,154,0
155,155,1
156,156,0
157,157,1
158,158,0
159,159,1
160,160,0
161,161,1
162,162,0
163,163,1
164,164,1
165,165,1
166,166,1
167,167,0
168,168,0
169,169,0
170,170,1
171,171,1
172,172,1
173,173,0
174,174,1
175,175,1
176,176,1
177,177,1
178,178,1
179,179,1
180,180,0
181,181,0
182,182,0
183,183,0
184,184,1
185,185,1
186,186,1
187,187,0
188,188,1
189,189,1
190,190,0
191,191,1
192,192,0
193,193,1
194,194,0
195,195,0
196,196,1
197,197,0
198,198,1
199,199,0
200,200,0
201,201,0
202,202,0
203,203,1
204,204,0
205,205,0
206,206,0
207,207,0
208,208,0
209,209,0
210,210,1
211,211,0
212,212,0
213,213,0
214,214,0
215,215,0
216,216,0
217,217,0
218,218,1
219,219,0
220,220,0
221,221,0
222,222,0
223,223,1
224,224,0
225,225,1
226,226,0
227,227,0
228,228,1
229,229,1
230,230,0
231,231,1
232,232,1
233,233,0
234,234,1
235,235,1
236,236,0
237,237,1
238,238,1
239,239,1
240,240,1
241,241,1
242,242,0
243,243,0
244,244,1
245,245,0
246,246,0
247,247,0
248,248,0
249,249,1
250,250,0
251,251,0
252,252,0
253,253,1
254,254,1
255,255,1
256,256,1
257,257,0
258,258,0
259,259,1
260,260,0
261,261,1
262,262,1
263,263,1
264,264,0
265,265,1
266,266,1
267,267,1
268,268,0
269,269,0
270,270,1
271,271,0
272,272,0
273,273,0
274,274,1
275,275,0
276,276,1
277,277,0
278,278,1
279,279,0
280,280,1
281,281,1
282,282,1
283,283,0
284,284,0
285,285,1
286,286,0
287,287,1
288,288,1
289,289,0
290,290,1
291,291,0
292,292,1
293,293,0
294,294,1
295,295,0
296,296,1
297,297,1
298,298,1
299,299,1
300,300,0
301,301,1
302,302,0
303,303,1
304,304,0
305,305,0
306,306,0
307,307,0
308,308,1
309,309,0
310,310,0
311,311,0
312,312,0
313,313,1
314,314,1
315,315,0
316,316,0
317,317,1
318,318,1
319,319,1
320,320,0
321,321,0
322,322,1
323,323,1
324,324,0
325,325,0
326,326,0
327,327,1
328,328,0
329,329,0
330,330,1
331,331,1
332,332,0
333,333,0
334,334,1
335,335,1
336,336,1
337,337,1
338,338,0
339,339,0
340,340,0
341,341,0
342,342,0
343,343,0
344,344,1
345,345,0
346,346,1
347,347,0
348,348,1
349,349,0
350,350,0
351,351,1
352,352,1
353,353,1
354,354,0
355,355,0
356,356,0
357,357,1
358,358,1
359,359,1
360,360,0
361,361,0
362,362,0
363,363,0
364,364,1
365,365,1
366,366,0
367,367,1
368,368,0
369,369,1
370,370,1
371,371,0
372,372,1
373,373,1
374,374,1
375,375,0
376,376,0
377,377,0
378,378,1
379,379,0
380,380,0
381,381,1
382,382,0
383,383,0
384,384,1
385,385,0
386,386,1
387,387,1
388,388,0
389,389,1
390,390,0
391,391,0
392,392,1
393,393,0
394,394,0
395,395,1
396,396,0
397,397,1
398,398,1
399,399,1
400,400,1
401,401,0
402,402,0
403,403,0
404,404,1
405,405,0
406,406,0
407,407,0
408,408,0
409,409,0
410,410,1
411,411,1
412,412,1
413,413,1
414,414,1
415,415,0
416,416,1
417,417,1
418,418,1
419,419,0
420,420,1
421,421,0
422,422,0
423,423,1
424,424,1
425,425,1
426,426,0
427,427,0
428,428,0
429,429,1
430,430,1
431,431,0
432,432,1
433,433,0
434,434,1
435,435,0
436,436,0
437,437,1
438,438,0
439,439,1
440,440,1
441,441,1
442,442,1
443,443,0
444,444,1
445,445,0
446,446,1
447,447,0
448,448,0
449,449,1
450,450,1
451,451,1
452,452,1
453,453,1
454,454,1
455,455,0
456,456,1
457,457,1
458,458,1
459,459,1
460,460,0
461,461,0
462,462,0
463,463,1
464,464,0
465,465,1
466,466,0
467,467,1
468,468,1
469,469,0
470,470,1
471,471,0
472,472,1
473,473,0
474,474,1
475,475,1
476,476,1
477,477,0
478,478,0
479,479,0
480,480,0
481,481,0
482,482,0
483,483,1
484,484,0
485,485,1
486,486,1
487,487,0
488,488,0
489,489,1
490,490,1
491,491,0
492,492,1
493,493,1
494,494,1
495,495,0
496,496,1
497,497,0
498,498,0
499,499,0
500,500,0
501,501,1
502,502,1
503,503,0
504,504,1
505,505,1
506,506,0
507,507,1
508,508,1
509,509,0
510,510,0
511,511,0
512,512,0
513,513,1
514,514,0
515,515,1
516,516,1
517,517,0
518,518,1
519,519,0
520,520,1
521,521,0
522,522,0
523,523,1
524,524,1
525,525,1
526,526,0
527,527,1
528,528,1
529,529,1
530,530,0
531,531,0
532,532,1
533,533,0
534,534,1
535,535,0
536,536,0
537,537,1
538,538,1
539,539,0
540,540,0
541,541,1
542,542,1
543,543,0
544,544,0
545,545,1
546,546,0
547,547,1
548,548,0
549,549,1
550,550,1
551,551,1
552,552,0
553,553,1
554,554,1
555,555,1
556,556,1
557,557,0
558,558,1
559,559,1
560,560,1
561,561,1
562,562,0
563,563,1
564,564,0
565,565,0
566,566,1
567,567,0
568,568,0
569,569,1
570,570,0
571,571,1
572,572,1
573,573,0
574,574,0
575,575,1
576,576,0
577,577,0
578,578,0
579,579,0
580,580,1
581,581,1
582,582,1
583,583,1
584,584,0
585,585,1
586,586,0
587,587,1
588,588,0
589,589,0
590,590,0
591,591,1
592,592,0
593,593,1
594,594,1
595,595,1
596,596,1
597,597,0
598,598,0
599,599,0
600,600,1
601,601,1
602,602,1
603,603,0
604,604,0
605,605,1
606,606,0
607,607,0
608,608,0
609,609,1
610,610,0
611,611,0
612,612,1
613,613,1
614,614,1
615,615,1
616,616,0
617,617,0
618,618,0
619,619,0
620,620,0
621,621,1
622,622,0
623,623,0
624,624,1
625,625,0
626,626,0
627,627,0
628,628,0
629,629,1
630,630,1
631,631,1
632,632,1
633,633,0
634,634,1
635,635,0
636,636,1
637,637,1
638,638,1
639,639,1
640,640,1
641,641,1
642,642,0
643,643,1
644,644,1
645,645,0
646,646,0
647,647,1
648,648,0
649,649,0
650,650,1
651,651,1
652,652,0
653,653,0
654,654,0
655,655,1
656,656,0
657,657,0
658,658,1
659,659,0
660,660,0
661,661,0
662,662,0
663,663,0
664,664,1
665,665,1
666,666,0
667,667,0
668,668,0
669,669,0
670,670,1
671,671,0
672,672,1
673,673,1
674,674,1
675,675,0
676,676,0
677,677,0
678,678,1
679,679,1
680,680,0
681,681,1
682,682,0
683,683,0
684,684,0
685,685,0
686,686,1
687,687,1
688,688,1
689,689,1
690,690,1
691,691,0
692,692,1
693,693,0
694,694,0
695,695,1
696,696,0
697,697,0
698,698,1
699,699,0
700,700,0
701,701,1
702,702,0
703,703,1
704,704,0
705,705,1
706,706,0
707,707,1
708,708,1
709,709,0
710,710,0
711,711,0
712,712,0
713,713,1
714,714,1
715,715,0
716,716,1
717,717,0
718,718,1
719,719,1
720,720,1
721,721,1
722,722,0
723,723,0
724,724,0
725,725,0
726,726,0
727,727,0
728,728,0
729,729,1
730,730,0
731,731,1
732,732,0
733,733,1
734,734,0
735,735,1
736,736,0
737,737,1
738,738,0
739,739,0
740,740,1
741,741,0
742,742,1
743,743,1
744,744,0
745,745,0
746,746,1
747,747,1
748,748,0
749,749,0
750,750,1
751,751,0
752,752,0
753,753,0
754,754,1
755,755,0
756,756,1
757,757,0
758,758,1
759,759,0
760,760,0
761,761,1
762,762,1
763,763,1
764,764,0
765,765,1
766,766,0
767,767,1
768,768,1
769,769,1
770,770,0
771,771,0
772,772,1
773,773,0
774,774,1
775,775,0
776,776,0
777,777,0
778,778,1
779,779,0
780,780,0
781,781,0
782,782,0
783,783,1
784,784,1
785,785,1
786,786,1
787,787,0
788,788,1
789,789,0
790,790,1
791,791,1
792,792,1
793,793,0
794,794,1
795,795,0
796,796,0
797,797,1
798,798,0
799,799,1
800,800,1
801,801,1
802,802,0
803,803,0
804,804,1
805,805,1
806,806,1
807,807,0
808,808,1
809,809,1
810,810,1
811,811,0
812,812,0
813,813,1
814,814,1
815,815,0
816,816,0
817,817,1
818,818,1
819,819,1
820,820,0
821,821,1
822,822,0
823,823,1
824,824,1
825,825,0
826,826,0
827,827,1
828,828,1
829,829,0
830,830,0
831,831,0
832,832,0
833,833,0
834,834,0
835,835,0
836,836,0
837,837,0
838,838,1
839,839,0
840,840,0
841,841,0
842,842,1
843,843,0
844,844,0
845,845,0
846,846,0
847,847,0
848,848,0
849,849,1
850,850,0
851,851,1
852,852,0
853,853,0
854,854,0
855,855,1
856,856,0
857,857,0
858,858,1
859,859,0
860,860,1
861,861,0
862,862,0
863,863,0
864,864,1
865,865,1
866,866,1
867,867,1
868,868,1
869,869,0
870,870,0
871,871,1
872,872,1
873,873,0
874,874,1
875,875,1
876,876,0
877,877,1
878,878,0
879,879,0
880,880,0
881,881,1
882,882,1
883,883,1
884,884,0
885,885,1
886,886,1
887,887,1
888,888,0
889,889,1
890,890,0
891,891,0
892,892,1
893,893,0
894,894,0
895,895,0
896,896,1
897,897,0
898,898,1
899,899,1
900,900,0
901,901,1
902,902,1
903,903,1
904,904,0
905,905,1
906,906,0
907,907,1
908,908,1
909,909,1
910,910,1
911,911,1
912,912,1
913,913,1
914,914,1
915,915,1
916,916,0
917,917,0
918,918,1
919,919,0
920,920,1
921,921,1
922,922,0
923,923,1
924,924,0
925,925,1
926,926,1
927,927,0
928,928,0
929,929,0
930,930,0
931,931,0
932,932,0
933,933,1
934,934,1
935,935,0
936,936,1
937,937,1
938,938,1
939,939,0
940,940,1
941,941,0
942,942,0
943,943,1
944,944,1
945,945,1
946,946,1
947,947,0
948,948,1
949,949,0
950,950,0
951,951,1
952,952,1
953,953,1
954,954,1
955,955,1
956,956,0
957,957,1
958,958,1
959,959,0
960,960,1
961,961,0
962,962,0
963,963,1
964,964,1
965,965,0
966,966,1
967,967,0
968,968,0
969,969,1
970,970,0
971,971,0
972,972,1
973,973,0
974,974,0
975,975,0
976,976,1
977,977,0
978,978,1
979,979,0
980,980,0
981,981,1
982,982,1
983,983,1
984,984,1
985,985,0
986,986,0
987,987,0
988,988,1
989,989,0
990,990,0
991,991,0
992,992,1
993,993,0
994,994,1
995,995,1
996,996,0
997,997,0
998,998,1
999,999,1
1000,1000,0
1001,1001,0
1002,1002,0
1003,1003,1
1004,1004,0
1005,1005,1
1006,1006,1
1007,1007,1
1008,1008,0
1009,1009,1
1010,1010,0
1011,1011,0
1012,1012,1
1013,1013,0
1014,1014,0
1015,1015,1
1016,1016,1
1017,1017,1
1018,1018,1
1019,1019,0
1020,1020,1
1021,1021,1
1022,1022,0
1023,1023,1
1024,1024,0
1025,1025,0
1026,1026,0
1027,1027,0
1028,1028,1
1029,1029,1
1030,1030,0
1031,1031,1
1032,1032,1
1033,1033,1
1034,1034,0
1035,1035,1
1036,1036,0
1037,1037,0
1038,1038,0
1039,1039,0
1040,1040,0
1041,1041,0
1042,1042,0
1043,1043,0
1044,1044,1
1045,1045,1
1046,1046,0
1047,1047,0
1048,1048,1
1049,1049,0
1050,1050,1
1051,1051,0
1052,1052,0
1053,1053,1
1054,1054,0
1055,1055,1
1056,1056,1
1057,1057,0
1058,1058,0
1059,1059,0
1060,1060,0
1061,1061,0
1062,1062,0
1063,1063,1
1064,1064,1
1065,1065,0
1066,1066,1
1067,1067,0
1068,1068,1
1069,1069,0
1070,1070,0
1071,1071,1
1072,1072,1
1073,1073,0
1074,1074,1
1075,1075,0
1076,1076,0
1077,1077,0
1078,1078,0
1079,1079,0
1080,1080,0
1081,1081,0
1082,1082,1
1083,1083,0
1084,1084,0
1085,1085,0
1086,1086,0
1087,1087,1
1088,1088,0
1089,1089,0
1090,1090,0
1091,1091,1
1092,1092,1
1093,1093,1
1094,1094,0
1095,1095,0
1096,1096,0
1097,1097,0
1098,1098,1
1099,1099,1
1100,1100,0
1101,1101,1
1102,1102,0
1103,1103,0
1104,1104,1
1105,1105,0
1106,1106,0
1107,1107,0
1108,1108,0
1109,1109,0
1110,1110,1
1111,1111,1
1112,1112,0
1113,1113,1
1114,1114,1
1115,1115,0
1116,1116,0
1117,1117,1
1118,1118,0
1119,1119,1
1120,1120,1
1121,1121,0
1122,1122,0
1123,1123,0
1124,1124,1
1125,1125,1
1126,1126,0
1127,1127,0
1128,1128,1
1129,1129,0
1130,1130,1
1131,1131,0
1132,1132,0
1133,1133,0
1134,1134,1
1135,1135,1
1136,1136,0
1137,1137,1
1138,1138,0
1139,1139,0
1140,1140,0
1141,1141,1
1142,1142,1
1143,1143,0
1144,1144,0
1145,1145,1
1146,1146,1
1147,1147,0
1148,1148,1
1149,1149,0
1150,1150,0
1151,1151,1
1152,1152,0
1153,1153,1
1154,1154,1
1155,1155,0
1156,1156,1
1157,1157,1
1158,1158,1
1159,1159,1
1160,1160,1
1161,1161,0
1162,1162,0
1163,1163,1
1164,1164,0
1165,1165,0
1166,1166,0
1167,1167,0
1168,1168,1
1169,1169,0
1170,1170,1
1171,1171,0
1172,1172,1
1173,1173,1
1174,1174,1
1175,1175,0
1176,1176,1
1177,1177,0
1178,1178,0
1179,1179,1
1180,1180,1
1181,1181,0
1182,1182,0
1183,1183,0
1184,1184,0
1185,1185,0
1186,1186,0
1187,1187,1
1188,1188,1
1189,1189,0
1190,1190,0
1191,1191,0
1192,1192,0
1193,1193,0
1194,1194,1
1195,1195,0
1196,1196,1
1197,1197,1
1198,1198,1
1199,1199,1
1200,1200,1
1201,1201,0
1202,1202,1
1203,1203,0
1204,1204,0
1205,1205,0
1206,1206,1
1207,1207,1
1208,1208,1
1209,1209,1
1210,1210,1
1211,1211,0
1212,1212,1
1213,1213,0
1214,1214,1
1215,1215,1
1216,1216,1
1217,1217,1
1218,1218,1
1219,1219,0
1220,1220,0
1221,1221,1
1222,1222,0
1223,1223,1
1224,1224,0
1225,1225,1
1226,1226,1
1227,1227,1
1228,1228,0
1229,1229,0
1230,1230,1
1231,1231,1
1232,1232,1
1233,1233,1
1234,1234,1
1235,1235,0
1236,1236,1
1237,1237,0
1238,1238,0
1239,1239,1
1240,1240,1
1241,1241,0
1242,1242,0
1243,1243,0
1244,1244,1
1245,1245,0
1246,1246,0
1247,1247,0
1248,1248,1
1249,1249,1
1250,1250,1
1251,1251,1
1252,1252,1
1253,1253,0
1254,1254,1
1255,1255,0
1256,1256,0
1257,1257,0
1258,1258,1
1259,1259,0
1260,1260,1
1261,1261,1
1262,1262,1
1263,1263,1
1264,1264,1
1265,1265,1
1266,1266,1
1267,1267,1
1268,1268,1
1269,1269,1
1270,1270,1
1271,1271,0
1272,1272,1
1273,1273,1
1274,1274,0
1275,1275,1
1276,1276,0
1277,1277,1
1278,1278,1
1279,1279,0
1280,1280,1
1281,1281,1
1282,1282,0
1283,1283,0
1284,1284,0
1285,1285,0
1286,1286,1
1287,1287,1
1288,1288,0
1289,1289,1
1290,1290,0
1291,1291,1
1292,1292,1
1293,1293,1
1294,1294,1
1295,1295,0
1296,1296,0
1297,1297,1
1298,1298,0
1299,1299,1
1300,1300,0
1301,1301,1
1302,1302,0
1303,1303,1
1304,1304,0
1305,1305,1
1306,1306,0
1307,1307,1
1308,1308,0
1309,1309,0
1310,1310,1
1311,1311,0
1312,1312,1
1313,1313,0
1314,1314,1
1315,1315,0
1316,1316,1
1317,1317,0
1318,1318,0
1319,1319,1
1320,1320,1
1321,1321,1
1322,1322,1
1323,1323,0
1324,1324,0
1325,1325,1
1326,1326,1
1327,1327,1
1328,1328,1
1329,1329,1
1330,1330,1
1331,1331,0
1332,1332,0
1333,1333,1
1334,1334,1
1335,1335,0
1336,1336,1
1337,1337,1
1338,1338,0
1339,1339,0
1340,1340,0
1341,1341,0
1342,1342,0
1343,1343,0
1344,1344,1
1345,1345,1
1346,1346,0
1347,1347,0
1348,1348,1
1349,1349,0
1350,1350,1
1351,1351,0
1352,1352,1
1353,1353,1
1354,1354,0
1355,1355,0
1356,1356,0
1357,1357,0
1358,1358,1
1359,1359,0
1360,1360,1
1361,1361,0
1362,1362,0
1363,1363,1
1364,1364,0
1365,1365,1
1366,1366,1
1367,1367,1
1368,1368,1
1369,1369,1
1370,1370,0
1371,1371,1
1372,1372,1
1373,1373,1
1374,1374,1
1375,1375,1
1376,1376,0
1377,1377,1
1378,1378,1
1379,1379,0
1380,1380,1
1381,1381,1
1382,1382,1
1383,1383,0
1384,1384,0
1385,1385,0
1386,1386,1
1387,1387,1
1388,1388,1
1389,1389,0
1390,1390,0
1391,1391,1
1392,1392,1
1393,1393,0
1394,1394,0
1395,1395,1
1396,1396,0
1397,1397,1
1398,1398,1
1399,1399,1
1400,1400,0
1401,1401,1
1402,1402,1
1403,1403,0
1404,1404,0
1405,1405,1
1406,1406,0
1407,1407,1
1408,1408,0
1409,1409,1
1410,1410,0
1411,1411,0
1412,1412,1
1413,1413,1
1414,1414,1
1415,1415,1
1416,1416,0
1417,1417,1
1418,1418,1
1419,1419,1
1420,1420,0
1421,1421,0
1422,1422,0
1423,1423,1
1424,1424,1
1425,1425,1
1426,1426,0
1427,1427,0
1428,1428,1
1429,1429,0
1430,1430,0
1431,1431,0
1432,1432,0
1433,1433,1
1434,1434,1
1435,1435,0
1436,1436,1
1437,1437,1
1438,1438,1
1439,1439,0
1440,1440,1
1441,1441,0
1442,1442,1
1443,1443,1
1444,1444,0
1445,1445,0
1446,1446,0
1447,1447,0
1448,1448,0
1449,1449,0
1450,1450,0
1451,1451,0
1452,1452,1
1453,1453,1
1454,1454,1
1455,1455,1
1456,1456,0
1457,1457,0
1458,1458,1
1459,1459,1
1460,1460,1
1461,1461,0
1462,1462,0
1463,1463,0
1464,1464,0
1465,1465,0
1466,1466,1
1467,1467,1
1468,1468,1
1469,1469,1
1470,1470,1
1471,1471,1
1472,1472,1
1473,1473,1
1474,1474,1
1475,1475,0
1476,1476,1
1477,1477,1
1478,1478,0
1479,1479,1
1480,1480,0
1481,1481,1
1482,1482,1
1483,1483,0
1484,1484,1
1485,1485,0
1486,1486,1
1487,1487,0
1488,1488,1
1489,1489,0
1490,1490,1
1491,1491,1
1492,1492,1
1493,1493,0
1494,1494,0
1495,1495,0
1496,1496,0
1497,1497,0
1498,1498,0
1499,1499,1
1500,1500,1
1501,1501,0
1502,1502,0
1503,1503,1
1504,1504,0
1505,1505,0
1506,1506,1
1507,1507,1
1508,1508,1
1509,1509,1
1510,1510,0
1511,1511,1
1512,1512,0
1513,1513,1
1514,1514,1
1515,1515,1
1516,1516,0
1517,1517,1
1518,1518,0
1519,1519,0
1520,1520,1
1521,1521,0
1522,1522,0
1523,1523,0
1524,1524,1
1525,1525,1
1526,1526,1
1527,1527,1
1528,1528,0
1529,1529,0
1530,1530,1
1531,1531,0
1532,1532,1
1533,1533,1
1534,1534,0
1535,1535,0
1536,1536,0
1537,1537,0
1538,1538,0
1539,1539,0
1540,1540,1
1541,1541,1
1542,1542,0
1543,1543,1
1544,1544,0
1545,1545,1
1546,1546,1
1547,1547,0
1548,1548,1
1549,1549,1
1550,1550,0
1551,1551,0
1552,1552,1
1553,1553,1
1554,1554,0
1555,1555,1
1556,1556,1
1557,1557,0
1558,1558,0
1559,1559,0
1560,1560,1
1561,1561,1
1562,1562,1
1563,1563,1
1564,1564,1
1565,1565,1
1566,1566,0
1567,1567,1
1568,1568,1
1569,1569,0
1570,1570,1
1571,1571,0
1572,1572,1
1573,1573,0
1574,1574,1
1575,1575,1
1576,1576,0
1577,1577,0
1578,1578,0
1579,1579,1
1580,1580,0
1581,1581,1
1582,1582,1
1583,1583,0
1584,1584,1
1585,1585,1
1586,1586,1
1587,1587,0
1588,1588,1
1589,1589,1
1590,1590,1
1591,1591,1
1592,1592,0
1593,1593,1
1594,1594,0
1595,1595,0
1596,1596,1
1597,1597,0
1598,1598,0
1599,1599,0
1600,1600,0
1601,1601,1
1602,1602,1
1603,1603,1
1604,1604,0
1605,1605,0
1606,1606,0
1607,1607,1
1608,1608,1
1609,1609,0
1610,1610,1
1611,1611,1
1612,1612,0
1613,1613,1
1614,1614,1
1615,1615,1
1616,1616,1
1617,1617,1
1618,1618,1
1619,1619,0
1620,1620,1
1621,1621,0
1622,1622,0
1623,1623,1
1624,1624,1
1625,1625,0
1626,1626,0
1627,1627,1
1628,1628,0
1629,1629,1
1630,1630,1
1631,1631,0
1632,1632,0
1633,1633,1
1634,1634,0
1635,1635,1
1636,1636,0
1637,1637,0
1638,1638,1
1639,1639,0
1640,1640,0
1641,1641,0
1642,1642,0
1643,1643,0
1644,1644,1
1645,1645,0
1646,1646,0
1647,1647,1
1648,1648,1
1649,1649,1
1650,1650,1
1651,1651,0
1652,1652,0
1653,1653,1
1654,1654,0
1655,1655,0
1656,1656,1
1657,1657,0
1658,1658,0
1659,1659,0
1660,1660,0
1661,1661,1
1662,1662,0
1663,1663,0
1664,1664,1
1665,1665,1
1666,1666,1
1667,1667,0
1668,1668,1
1669,1669,1
1670,1670,0
1671,1671,1
1672,1672,1
1673,1673,1
1674,1674,1
1675,1675,0
1676,1676,0
1677,1677,0
1678,1678,0
1679,1679,0
1680,1680,1
1681,1681,1
1682,1682,1
1683,1683,0
1684,1684,0
1685,1685,1
1686,1686,0
1687,1687,0
1688,1688,1
1689,1689,0
1690,1690,1
1691,1691,0
1692,1692,0
1693,1693,0
1694,1694,1
1695,1695,1
1696,1696,1
1697,1697,1
1698,1698,0
1699,1699,0
1700,1700,0
1701,1701,0
1702,1702,0
1703,1703,0
1704,1704,1
1705,1705,0
1706,1706,0
1707,1707,0
1708,1708,1
1709,1709,0
1710,1710,1
1711,1711,1
1712,1712,1
1713,1713,1
1714,1714,0
1715,1715,0
1716,1716,1
1717,1717,1
1718,1718,0
1719,1719,1
1720,1720,1
1721,1721,1
1722,1722,0
1723,1723,0
1724,1724,0
1725,1725,1
1726,1726,1
1727,1727,0
1728,1728,0
1729,1729,1
1730,1730,1
1731,1731,0
1732,1732,1
1733,1733,1
1734,1734,0
1735,1735,1
1736,1736,1
1737,1737,0
1738,1738,0
1739,1739,1
1740,1740,1
1741,1741,0
1742,1742,1
1743,1743,0
1744,1744,0
1745,1745,1
1746,1746,0
1747,1747,0
1748,1748,0
1749,1749,0
1750,1750,1
1751,1751,1
1752,1752,0
1753,1753,0
1754,1754,0
1755,1755,0
1756,1756,0
1757,1757,1
1758,1758,0
1759,1759,0
1760,1760,1
1761,1761,1
1762,1762,0
1763,1763,0
1764,1764,0
1765,1765,1
1766,1766,1
1767,1767,1
1768,1768,0
1769,1769,0
1770,1770,1
1771,1771,0
1772,1772,0
1773,1773,1
1774,1774,0
1775,1775,1
1776,1776,1
1777,1777,0
1778,1778,0
1779,1779,1
1780,1780,0
1781,1781,1
1782,1782,0
1783,1783,0
1784,1784,1
1785,1785,1
1786,1786,1
1787,1787,1
1788,1788,0
1789,1789,1
1790,1790,1
1791,1791,0
1792,1792,1
1793,1793,1
1794,1794,1
1795,1795,0
1796,1796,1
1797,1797,1
1798,1798,1
1799,1799,1
1800,1800,1
1801,1801,1
1802,1802,1
1803,1803,1
1804,1804,0
1805,1805,0
1806,1806,0
1807,1807,1
1808,1808,0
1809,1809,1
1810,1810,1
1811,1811,0
1812,1812,1
1813,1813,1
1814,1814,0
1815,1815,1
1816,1816,1
1817,1817,1
1818,1818,1
1819,1819,0
1820,1820,0
1821,1821,0
1822,1822,0
1823,1823,0
1824,1824,0
1825,1825,0
1826,1826,1
1827,1827,0
1828,1828,0
1829,1829,1
1830,1830,0
1831,1831,0
1832,1832,0
1833,1833,0
1834,1834,0
1835,1835,1
1836,1836,0
1837,1837,0
1838,1838,0
1839,1839,1
1840,1840,1
1841,1841,1
1842,1842,0
1843,1843,1
1844,1844,1
1845,1845,1
1846,1846,1
1847,1847,1
1848,1848,0
1849,1849,1
1850,1850,0
1851,1851,1
1852,1852,1
1853,1853,0
1854,1854,0
1855,1855,0
1856,1856,1
1857,1857,1
1858,1858,1
1859,1859,0
1860,1860,0
1861,1861,1
1862,1862,0
1863,1863,1
1864,1864,1
1865,1865,1
1866,1866,0
1867,1867,1
1868,1868,0
1869,1869,1
1870,1870,0
1871,1871,1
1872,1872,0
1873,1873,1
1874,1874,1
1875,1875,1
1876,1876,0
1877,1877,0
1878,1878,0
1879,1879,1
1880,1880,0
1881,1881,1
1882,1882,0
1883,1883,1
1884,1884,1
1885,1885,1
1886,1886,1
1887,1887,1
1888,1888,0
1889,1889,1
1890,1890,1
1891,1891,0
1892,1892,1
1893,1893,0
1894,1894,1
1895,1895,1
1896,1896,1
1897,1897,1
1898,1898,0
1899,1899,1
1900,1900,1
1901,1901,1
1902,1902,0
1903,1903,0
1904,1904,1
1905,1905,1
1906,1906,0
1907,1907,0
1908,1908,1
1909,1909,1
1910,1910,0
1911,1911,1
1912,1912,0
1913,1913,1
1914,1914,1
1915,1915,1
1916,1916,1
1917,1917,1
1918,1918,1
1919,1919,0
1920,1920,0
1921,1921,0
1922,1922,1
1923,1923,1
1924,1924,0
1925,1925,0
1926,1926,1
1927,1927,0
1928,1928,0
1929,1929,1
1930,1930,1
1931,1931,1
1932,1932,1
1933,1933,0
1934,1934,0
1935,1935,1
1936,1936,0
1937,1937,1
1938,1938,0
1939,1939,1
1940,1940,1
1941,1941,0
1942,1942,1
1943,1943,1
1944,1944,1
1945,1945,1
1946,1946,1
1947,1947,1
1948,1948,1
1949,1949,0
1950,1950,0
1951,1951,0
1952,1952,1
1953,1953,1
1954,1954,1
1955,1955,1
1956,1956,0
1957,1957,0
1958,1958,1
1959,1959,1
1960,1960,1
1961,1961,1
1962,1962,0
1963,1963,1
1964,1964,0
1965,1965,0
1966,1966,0
1967,1967,1
1968,1968,0
1969,1969,1
1970,1970,1
1971,1971,0
1972,1972,0
1973,1973,0
1974,1974,1
1975,1975,1
1976,1976,0
1977,1977,0
1978,1978,0
1979,1979,1
1980,1980,1
1981,1981,0
1982,1982,1
1983,1983,1
1984,1984,1
1985,1985,0
1986,1986,1
1987,1987,1
1988,1988,0
1989,1989,0
1990,1990,0
1991,1991,0
1992,1992,0
1993,1993,0
1994,1994,1
1995,1995,1
1996,1996,0
1997,1997,0
1998,1998,1
1999,1999,1
2000,2000,1
2001,2001,1
2002,2002,1
2003,2003,0
2004,2004,1
2005,2005,1
2006,2006,1
2007,2007,1
2008,2008,1
2009,2009,1
2010,2010,1
2011,2011,0
2012,2012,1
2013,2013,0
2014,2014,1
2015,2015,0
2016,2016,1
2017,2017,1
2018,2018,0
2019,2019,1
2020,2020,1
2021,2021,1
2022,2022,0
2023,2023,1
2024,2024,1
2025,2025,0
2026,2026,0
2027,2027,1
2028,2028,0
2029,2029,0
2030,2030,0
2031,2031,1
2032,2032,1
2033,2033,1
2034,2034,0
2035,2035,1
2036,2036,1
2037,2037,0
2038,2038,0
2039,2039,1
2040,2040,1
2041,2041,1
2042,2042,1
2043,2043,0
2044,2044,0
2045,2045,0
2046,2046,0
2047,2047,1
2048,2048,0
2049,2049,0
2050,2050,1
2051,2051,0
2052,2052,1
2053,2053,0
2054,2054,1
2055,2055,0
2056,2056,0
2057,2057,0
2058,2058,1
2059,2059,0
2060,2060,1
2061,2061,1
2062,2062,0
2063,2063,1
2064,2064,1
2065,2065,1
2066,2066,0
2067,2067,0
2068,2068,1
2069,2069,1
2070,2070,0
2071,2071,1
2072,2072,0
2073,2073,0
2074,2074,0
2075,2075,0
2076,2076,0
2077,2077,0
2078,2078,1
2079,2079,0
2080,2080,1
2081,2081,0
2082,2082,0
2083,2083,1
2084,2084,0
2085,2085,1
2086,2086,1
2087,2087,1
2088,2088,0
2089,2089,0
2090,2090,0
2091,2091,0
2092,2092,1
2093,2093,1
2094,2094,0
2095,2095,1
2096,2096,0
2097,2097,1
2098,2098,1
2099,2099,1
2100,2100,0
2101,2101,1
2102,2102,1
2103,2103,1
2104,2104,0
2105,2105,1
2106,2106,0
2107,2107,0
2108,2108,1
2109,2109,0
2110,2110,0
2111,2111,1
2112,2112,0
2113,2113,1
2114,2114,1
2115,2115,1
2116,2116,0
2117,2117,0
2118,2118,1
2119,2119,0
2120,2120,1
2121,2121,0
2122,2122,0
2123,2123,1
2124,2124,0
2125,2125,0
2126,2126,1
2127,2127,1
2128,2128,0
2129,2129,0
2130,2130,1
2131,2131,1
2132,2132,1
2133,2133,0
2134,2134,0
2135,2135,1
2136,2136,0
2137,2137,1
2138,2138,1
2139,2139,0
2140,2140,0
2141,2141,0
2142,2142,1
2143,2143,0
2144,2144,1
2145,2145,1
2146,2146,1
2147,2147,1
2148,2148,0
2149,2149,0
2150,2150,1
2151,2151,1
2152,2152,0
2153,2153,1
2154,2154,0
2155,2155,1
2156,2156,0
2157,2157,0
2158,2158,1
2159,2159,0
2160,2160,0
2161,2161,1
2162,2162,1
2163,2163,0
2164,2164,1
2165,2165,1
2166,2166,1
2167,2167,1
2168,2168,1
2169,2169,0
2170,2170,0
2171,2171,0
2172,2172,0
2173,2173,0
2174,2174,0
2175,2175,0
2176,2176,0
2177,2177,1
2178,2178,0
2179,2179,0
2180,2180,1
2181,2181,1
2182,2182,1
2183,2183,1
2184,2184,0
2185,2185,1
2186,2186,0
2187,2187,1
2188,2188,0
2189,2189,0
2190,2190,0
2191,2191,0
2192,2192,1
2193,2193,1
2194,2194,0
2195,2195,1
2196,2196,0
2197,2197,0
2198,2198,1
2199,2199,0
2200,2200,1
2201,2201,0
2202,2202,0
2203,2203,1
2204,2204,1
2205,2205,0
2206,2206,1
2207,2207,1
2208,2208,1
2209,2209,0
2210,2210,1
2211,2211,1
2212,2212,1
2213,2213,1
2214,2214,0
2215,2215,1
2216,2216,1
2217,2217,1
2218,2218,0
2219,2219,1
2220,2220,0
2221,2221,1
2222,2222,0
2223,2223,0
2224,2224,1
2225,2225,1
2226,2226,1
2227,2227,0
2228,2228,1
2229,2229,0
2230,2230,1
2231,2231,1
2232,2232,0
2233,2233,0
2234,2234,1
2235,2235,0
2236,2236,0
2237,2237,1
2238,2238,1
2239,2239,0
2240,2240,0
2241,2241,0
2242,2242,0
2243,2243,1
2244,2244,1
2245,2245,1
2246,2246,1
2247,2247,1
2248,2248,1
2249,2249,0
2250,2250,1
2251,2251,1
2252,2252,0
2253,2253,1
2254,2254,1
2255,2255,0
2256,2256,1
2257,2257,0
2258,2258,0
2259,2259,0
2260,2260,1
2261,2261,1
2262,2262,1
2263,2263,1
2264,2264,0
2265,2265,1
2266,2266,0
2267,2267,0
2268,2268,0
2269,2269,1
2270,2270,1
2271,2271,0
2272,2272,0
2273,2273,0
2274,2274,1
2275,2275,1
2276,2276,0
2277,2277,1
2278,2278,1
2279,2279,0
2280,2280,1
2281,2281,1
2282,2282,1
2283,2283,0
2284,2284,0
2285,2285,0
2286,2286,0
2287,2287,1
2288,2288,1
2289,2289,1
2290,2290,0
2291,2291,0
2292,2292,0
2293,2293,0
2294,2294,0
2295,2295,0
2296,2296,1
2297,2297,0
2298,2298,0
2299,2299,0
2300,2300,0
2301,2301,1
2302,2302,0
2303,2303,1
2304,2304,0
2305,2305,1
2306,2306,1
2307,2307,1
2308,2308,0
2309,2309,0
2310,2310,0
2311,2311,1
2312,2312,1
2313,2313,1
2314,2314,1
2315,2315,0
2316,2316,1
2317,2317,0
2318,2318,1
2319,2319,1
2320,2320,1
2321,2321,0
2322,2322,1
2323,2323,1
2324,2324,0
2325,2325,0
2326,2326,0
2327,2327,0
2328,2328,1
2329,2329,1
2330,2330,1
2331,2331,1
2332,2332,1
2333,2333,1
2334,2334,1
2335,2335,0
2336,2336,0
2337,2337,0
2338,2338,0
2339,2339,1
2340,2340,1
2341,2341,0
2342,2342,0
2343,2343,0
2344,2344,1
2345,2345,1
2346,2346,1
2347,2347,0
2348,2348,0
2349,2349,1
2350,2350,1
2351,2351,1
2352,2352,1
2353,2353,0
2354,2354,1
2355,2355,0
2356,2356,0
2357,2357,1
2358,2358,1
2359,2359,0
2360,2360,1
2361,2361,1
2362,2362,1
2363,2363,1
2364,2364,1
2365,2365,0
2366,2366,0
2367,2367,0
2368,2368,0
2369,2369,0
2370,2370,1
2371,2371,0
2372,2372,0
2373,2373,1
2374,2374,1
2375,2375,1
2376,2376,1
2377,2377,1
2378,2378,1
2379,2379,1
2380,2380,1
2381,2381,1
2382,2382,0
2383,2383,1
2384,2384,1
2385,2385,0
2386,2386,1
2387,2387,0
2388,2388,0
2389,2389,1
2390,2390,1
2391,2391,1
2392,2392,0
2393,2393,0
2394,2394,0
2395,2395,0
2396,2396,0
2397,2397,1
2398,2398,0
2399,2399,1
2400,2400,0
2401,2401,0
2402,2402,1
2403,2403,0
2404,2404,1
2405,2405,0
2406,2406,0
2407,2407,0
2408,2408,0
2409,2409,1
2410,2410,0
2411,2411,1
2412,2412,0
2413,2413,1
2414,2414,0
2415,2415,1
2416,2416,0
2417,2417,1
2418,2418,1
2419,2419,1
2420,2420,0
2421,2421,0
2422,2422,0
2423,2423,1
2424,2424,1
2425,2425,1
2426,2426,1
2427,2427,0
2428,2428,1
2429,2429,1
2430,2430,1
2431,2431,1
2432,2432,1
2433,2433,1
2434,2434,1
2435,2435,1
2436,2436,1
2437,2437,1
2438,2438,1
2439,2439,0
2440,2440,1
2441,2441,1
2442,2442,1
2443,2443,1
2444,2444,1
2445,2445,0
2446,2446,1
2447,2447,1
2448,2448,0
2449,2449,1
2450,2450,0
2451,2451,1
2452,2452,0
2453,2453,1
2454,2454,1
2455,2455,1
2456,2456,0
2457,2457,1
2458,2458,0
2459,2459,1
2460,2460,0
2461,2461,0
2462,2462,0
2463,2463,0
2464,2464,0
2465,2465,0
2466,2466,1
2467,2467,1
2468,2468,1
2469,2469,0
2470,2470,0
2471,2471,0
2472,2472,0
2473,2473,0
2474,2474,0
2475,2475,0
2476,2476,1
2477,2477,1
2478,2478,1
2479,2479,1
2480,2480,0
2481,2481,0
2482,2482,1
2483,2483,0
2484,2484,0
2485,2485,1
2486,2486,0
2487,2487,1
2488,2488,0
2489,2489,0
2490,2490,1
2491,2491,1
2492,2492,1
2493,2493,1
2494,2494,1
2495,2495,1
2496,2496,1
2497,2497,0
2498,2498,0
2499,2499,1
2500,2500,1
2501,2501,1
2502,2502,0
2503,2503,1
2504,2504,1
2505,2505,1
2506,2506,0
2507,2507,1
2508,2508,1
2509,2509,1
2510,2510,1
2511,2511,0
2512,2512,1
2513,2513,1
2514,2514,1
2515,2515,1
2516,2516,0
2517,2517,1
2518,2518,1
2519,2519,0
2520,2520,0
2521,2521,0
2522,2522,1
2523,2523,0
2524,2524,1
2525,2525,0
2526,2526,0
2527,2527,0
2528,2528,1
2529,2529,1
2530,2530,0
2531,2531,0
2532,2532,0
2533,2533,0
2534,2534,1
2535,2535,1
2536,2536,0
2537,2537,1
2538,2538,1
2539,2539,1
2540,2540,0
2541,2541,1
2542,2542,0
2543,2543,0
2544,2544,1
2545,2545,0
2546,2546,1
2547,2547,1
2548,2548,0
2549,2549,0
2550,2550,0
2551,2551,0
2552,2552,1
2553,2553,1
2554,2554,0
2555,2555,1
2556,2556,1
2557,2557,1
2558,2558,1
2559,2559,0
2560,2560,0
2561,2561,1
2562,2562,0
2563,2563,0
2564,2564,0
2565,2565,0
2566,2566,1
2567,2567,1
2568,2568,1
2569,2569,1
2570,2570,1
2571,2571,0
2572,2572,0
2573,2573,1
2574,2574,1
2575,2575,1
2576,2576,1
2577,2577,0
2578,2578,1
2579,2579,1
2580,2580,1
2581,2581,1
2582,2582,0
2583,2583,0
2584,2584,0
2585,2585,1
2586,2586,0
2587,2587,0
2588,2588,0
2589,2589,0
2590,2590,1
2591,2591,1
2592,2592,0
2593,2593,0
2594,2594,1
2595,2595,1
2596,2596,1
2597,2597,1
2598,2598,1
2599,2599,1
2600,2600,1
2601,2601,0
2602,2602,1
2603,2603,0
2604,2604,1
2605,2605,0
2606,2606,1
2607,2607,0
2608,2608,1
2609,2609,1
2610,2610,1
2611,2611,1
2612,2612,1
2613,2613,1
2614,2614,1
2615,2615,1
2616,2616,0
2617,2617,1
2618,2618,0
2619,2619,1
2620,2620,0
2621,2621,0
2622,2622,1
2623,2623,0
2624,2624,0
2625,2625,0
2626,2626,0
2627,2627,1
2628,2628,0
2629,2629,1
2630,2630,1
2631,2631,1
2632,2632,0
2633,2633,0
2634,2634,0
2635,2635,0
2636,2636,1
2637,2637,0
2638,2638,1
2639,2639,1
2640,2640,0
2641,2641,0
2642,2642,1
2643,2643,1
2644,2644,0
2645,2645,0
2646,2646,1
2647,2647,1
2648,2648,0
2649,2649,1
2650,2650,1
2651,2651,1
2652,2652,1
2653,2653,0
2654,2654,1
2655,2655,0
2656,2656,0
2657,2657,1
2658,2658,0
2659,2659,0
2660,2660,0
2661,2661,0
2662,2662,0
2663,2663,0
2664,2664,1
2665,2665,1
2666,2666,1
2667,2667,0
2668,2668,1
2669,2669,1
2670,2670,0
2671,2671,0
2672,2672,1
2673,2673,0
2674,2674,1
2675,2675,1
2676,2676,0
2677,2677,1
2678,2678,0
2679,2679,1
2680,2680,0
2681,2681,0
2682,2682,0
2683,2683,1
2684,2684,1
2685,2685,1
2686,2686,0
2687,2687,0
2688,2688,1
2689,2689,0
2690,2690,1
2691,2691,0
2692,2692,1
2693,2693,1
2694,2694,1
2695,2695,1
2696,2696,0
2697,2697,1
2698,2698,0
2699,2699,1
2700,2700,0
2701,2701,0
2702,2702,0
2703,2703,0
2704,2704,1
2705,2705,0
2706,2706,0
2707,2707,1
2708,2708,1
2709,2709,1
2710,2710,1
2711,2711,0
2712,2712,0
2713,2713,0
2714,2714,0
2715,2715,0
2716,2716,1
2717,2717,0
2718,2718,0
2719,2719,0
2720,2720,1
2721,2721,0
2722,2722,1
2723,2723,0
2724,2724,0
2725,2725,1
2726,2726,1
2727,2727,1
2728,2728,0
2729,2729,0
2730,2730,1
2731,2731,1
2732,2732,1
2733,2733,1
2734,2734,0
2735,2735,0
2736,2736,0
2737,2737,0
2738,2738,0
2739,2739,1
2740,2740,1
2741,2741,0
2742,2742,0
2743,2743,0
2744,2744,0
2745,2745,1
2746,2746,1
2747,2747,0
2748,2748,1
2749,2749,1
2750,2750,1
2751,2751,1
2752,2752,1
2753,2753,1
2754,2754,0
2755,2755,1
2756,2756,0
2757,2757,1
2758,2758,1
2759,2759,0
2760,2760,1
2761,2761,0
2762,2762,1
2763,2763,0
2764,2764,0
2765,2765,1
2766,2766,0
2767,2767,1
2768,2768,0
2769,2769,1
2770,2770,0
2771,2771,0
2772,2772,1
2773,2773,1
2774,2774,0
2775,2775,0
2776,2776,1
2777,2777,1
2778,2778,0
2779,2779,0
2780,2780,0
2781,2781,1
2782,2782,1
2783,2783,1
2784,2784,0
2785,2785,0
2786,2786,0
2787,2787,0
2788,2788,1
2789,2789,1
2790,2790,1
2791,2791,0
2792,2792,0
2793,2793,1
2794,2794,1
2795,2795,0
2796,2796,0
2797,2797,0
2798,2798,0
2799,2799,1
2800,2800,0
2801,2801,1
2802,2802,0
2803,2803,1
2804,2804,0
2805,2805,0
2806,2806,1
2807,2807,1
2808,2808,0
2809,2809,0
2810,2810,1
2811,2811,1
2812,2812,1
2813,2813,1
2814,2814,0
2815,2815,0
2816,2816,1
2817,2817,0
2818,2818,0
2819,2819,1
2820,2820,0
2821,2821,0
2822,2822,0
2823,2823,0
2824,2824,1
2825,2825,1
2826,2826,0
2827,2827,1
2828,2828,0
2829,2829,0
2830,2830,0
2831,2831,0
2832,2832,0
2833,2833,1
2834,2834,1
2835,2835,1
2836,2836,0
2837,2837,1
2838,2838,1
2839,2839,1
2840,2840,1
2841,2841,0
2842,2842,0
2843,2843,1
2844,2844,1
2845,2845,1
2846,2846,0
2847,2847,0
2848,2848,1
2849,2849,0
2850,2850,1
2851,2851,1
2852,2852,1
2853,2853,0
2854,2854,1
2855,2855,1
2856,2856,0
2857,2857,0
2858,2858,0
2859,2859,1
2860,2860,0
2861,2861,1
2862,2862,0
2863,2863,0
2864,2864,1
2865,2865,1
2866,2866,0
2867,2867,0
2868,2868,1
2869,2869,0
2870,2870,0
2871,2871,0
2872,2872,1
2873,2873,1
2874,2874,0
2875,2875,1
2876,2876,0
2877,2877,1
2878,2878,1
2879,2879,0
2880,2880,0
2881,2881,0
2882,2882,1
2883,2883,0
2884,2884,0
2885,2885,0
2886,2886,1
2887,2887,0
2888,2888,0
2889,2889,0
2890,2890,1
2891,2891,0
2892,2892,0
2893,2893,1
2894,2894,1
2895,2895,1
2896,2896,1
2897,2897,1
2898,2898,0
2899,2899,0
2900,2900,0
2901,2901,0
2902,2902,0
2903,2903,1
2904,2904,0
2905,2905,0
2906,2906,0
2907,2907,1
2908,2908,0
2909,2909,1
2910,2910,1
2911,2911,0
2912,2912,1
2913,2913,1
2914,2914,1
2915,2915,1
2916,2916,0
2917,2917,0
2918,2918,1
2919,2919,0
2920,2920,0
2921,2921,1
2922,2922,0
2923,2923,0
2924,2924,1
2925,2925,0
2926,2926,0
2927,2927,1
2928,2928,0
2929,2929,1
2930,2930,1
2931,2931,0
2932,2932,1
2933,2933,0
2934,2934,1
2935,2935,0
2936,2936,1
2937,2937,1
2938,2938,1
2939,2939,1
2940,2940,1
2941,2941,0
2942,2942,0
2943,2943,0
2944,2944,1
2945,2945,0
2946,2946,1
2947,2947,0
2948,2948,0
2949,2949,0
2950,2950,0
2951,2951,1
2952,2952,1
2953,2953,0
2954,2954,1
2955,2955,1
2956,2956,1
2957,2957,1
2958,2958,0
2959,2959,0
2960,2960,0
2961,2961,1
2962,2962,0
2963,2963,1
2964,2964,0
2965,2965,1
2966,2966,0
2967,2967,0
2968,2968,1
2969,2969,1
2970,2970,1
2971,2971,1
2972,2972,1
2973,2973,1
2974,2974,1
2975,2975,1
2976,2976,1
2977,2977,1
2978,2978,1
2979,2979,0
2980,2980,1
2981,2981,1
2982,2982,0
2983,2983,1
2984,2984,0
2985,2985,0
2986,2986,1
2987,2987,1
2988,2988,0
2989,2989,1
2990,2990,1
2991,2991,0
2992,2992,0
2993,2993,1
2994,2994,0
2995,2995,1
2996,2996,1
2997,2997,0
2998,2998,0
2999,2999,1
3000,3000,0
3001,3001,0
3002,3002,1
3003,3003,1
3004,3004,1
3005,3005,0
3006,3006,1
3007,3007,0
3008,3008,1
3009,3009,1
3010,3010,1
3011,3011,1
3012,3012,0
3013,3013,0
3014,3014,0
3015,3015,0
3016,3016,1
3017,3017,0
3018,3018,1
3019,3019,0
3020,3020,0
3021,3021,1
3022,3022,0
3023,3023,0
3024,3024,0
3025,3025,1
3026,3026,1
3027,3027,1
3028,3028,1
3029,3029,0
3030,3030,0
3031,3031,0
3032,3032,1
3033,3033,1
3034,3034,0
3035,3035,0
3036,3036,1
3037,3037,1
3038,3038,0
3039,3039,0
3040,3040,1
3041,3041,0
3042,3042,1
3043,3043,0
3044,3044,1
3045,3045,0
3046,3046,0
3047,3047,1
3048,3048,1
3049,3049,1
3050,3050,0
3051,3051,0
3052,3052,0
3053,3053,1
3054,3054,0
3055,3055,0
3056,3056,1
3057,3057,0
3058,3058,1
3059,3059,1
3060,3060,1
3061,3061,1
3062,3062,0
3063,3063,0
3064,3064,1
3065,3065,1
3066,3066,0
3067,3067,1
3068,3068,0
3069,3069,0
3070,3070,0
3071,3071,0
3072,3072,0
3073,3073,0
3074,3074,0
3075,3075,1
3076,3076,1
3077,3077,0
3078,3078,1
3079,3079,1
3080,3080,0
3081,3081,0
3082,3082,1
3083,3083,0
3084,3084,1
3085,3085,1
3086,3086,0
3087,3087,0
3088,3088,1
3089,3089,1
3090,3090,1
3091,3091,0
3092,3092,0
3093,3093,0
3094,3094,0
3095,3095,1
3096,3096,1
3097,3097,1
3098,3098,0
3099,3099,0
3100,3100,1
3101,3101,0
3102,3102,1
3103,3103,0
3104,3104,1
3105,3105,1
3106,3106,0
3107,3107,1
3108,3108,1
3109,3109,1
3110,3110,1
3111,3111,1
3112,3112,0
3113,3113,1
3114,3114,1
3115,3115,1
3116,3116,0
3117,3117,1
3118,3118,0
3119,3119,0
3120,3120,1
3121,3121,1
3122,3122,0
3123,3123,0
3124,3124,1
3125,3125,1
3126,3126,0
3127,3127,1
3128,3128,1
3129,3129,0
3130,3130,0
3131,3131,0
3132,3132,0
3133,3133,0
3134,3134,0
3135,3135,0
3136,3136,1
3137,3137,0
3138,3138,0
3139,3139,0
3140,3140,0
3141,3141,0
3142,3142,0
3143,3143,1
3144,3144,1
3145,3145,0
3146,3146,0
3147,3147,1
3148,3148,0
3149,3149,0
3150,3150,0
3151,3151,0
3152,3152,1
3153,3153,1
3154,3154,1
3155,3155,1
3156,3156,0
3157,3157,1
3158,3158,0
3159,3159,0
3160,3160,0
3161,3161,0
3162,3162,1
3163,3163,0
3164,3164,1
3165,3165,1
3166,3166,0
3167,3167,0
3168,3168,0
3169,3169,1
3170,3170,0
3171,3171,0
3172,3172,1
3173,3173,0
3174,3174,1
3175,3175,1
3176,3176,1
3177,3177,0
3178,3178,0
3179,3179,1
3180,3180,1
3181,3181,0
3182,3182,1
3183,3183,1
3184,3184,1
3185,3185,1
3186,3186,0
3187,3187,1
3188,3188,0
3189,3189,0
3190,3190,1
3191,3191,0
3192,3192,0
3193,3193,1
3194,3194,0
3195,3195,0
3196,3196,0
3197,3197,0
3198,3198,1
3199,3199,1
3200,3200,1
3201,3201,0
3202,3202,1
3203,3203,0
3204,3204,0
3205,3205,1
3206,3206,1
3207,3207,1
3208,3208,1
3209,3209,0
3210,3210,0
3211,3211,0
3212,3212,1
3213,3213,1
3214,3214,0
3215,3215,1
3216,3216,1
3217,3217,0
3218,3218,0
3219,3219,1
3220,3220,0
3221,3221,1
3222,3222,0
3223,3223,0
3224,3224,1
3225,3225,1
3226,3226,1
3227,3227,1
3228,3228,0
3229,3229,1
3230,3230,0
3231,3231,0
3232,3232,0
3233,3233,0
3234,3234,1
3235,3235,1
3236,3236,0
3237,3237,0
3238,3238,1
3239,3239,0
3240,3240,0
3241,3241,1
3242,3242,0
3243,3243,1
3244,3244,1
3245,3245,1
3246,3246,1
3247,3247,1
3248,3248,1
3249,3249,0
3250,3250,0
3251,3251,1
3252,3252,1
3253,3253,0
3254,3254,0
3255,3255,1
3256,3256,0
3257,3257,0
3258,3258,0
3259,3259,0
3260,3260,0
3261,3261,0
3262,3262,0
3263,3263,1
3264,3264,0
3265,3265,0
3266,3266,0
3267,3267,1
3268,3268,0
3269,3269,0
3270,3270,0
3271,3271,1
3272,3272,1
3273,3273,1
3274,3274,1
3275,3275,0
3276,3276,0
3277,3277,0
3278,3278,0
3279,3279,0
3280,3280,0
3281,3281,0
3282,3282,0
3283,3283,0
3284,3284,1
3285,3285,0
3286,3286,0
3287,3287,0
3288,3288,0
3289,3289,1
3290,3290,1
3291,3291,0
3292,3292,1
3293,3293,0
3294,3294,0
3295,3295,1
3296,3296,0
3297,3297,1
3298,3298,1
3299,3299,0
3300,3300,1
3301,3301,1
3302,3302,1
3303,3303,0
3304,3304,0
3305,3305,0
3306,3306,0
3307,3307,0
3308,3308,1
3309,3309,1
3310,3310,0
3311,3311,0
3312,3312,0
3313,3313,1
3314,3314,0
3315,3315,0
3316,3316,0
3317,3317,0
3318,3318,0
3319,3319,1
3320,3320,1
3321,3321,0
3322,3322,1
3323,3323,0
3324,3324,0
3325,3325,1
3326,3326,1
3327,3327,0
3328,3328,0
3329,3329,0
3330,3330,0
3331,3331,0
3332,3332,0
3333,3333,0
3334,3334,1
3335,3335,1
3336,3336,0
3337,3337,0
3338,3338,0
3339,3339,1
3340,3340,0
3341,3341,0
3342,3342,0
3343,3343,0
3344,3344,0
3345,3345,1
3346,3346,0
3347,3347,0
3348,3348,1
3349,3349,1
3350,3350,1
3351,3351,0
3352,3352,1
3353,3353,0
3354,3354,0
3355,3355,1
3356,3356,1
3357,3357,0
3358,3358,0
3359,3359,0
3360,3360,0
3361,3361,1
3362,3362,1
3363,3363,1
3364,3364,0
3365,3365,0
3366,3366,0
3367,3367,0
3368,3368,1
3369,3369,0
3370,3370,0
3371,3371,1
3372,3372,0
3373,3373,0
3374,3374,1
3375,3375,1
3376,3376,1
3377,3377,0
3378,3378,1
3379,3379,1
3380,3380,1
3381,3381,1
3382,3382,0
3383,3383,1
3384,3384,1
3385,3385,0
3386,3386,0
3387,3387,1
3388,3388,0
3389,3389,1
3390,3390,1
3391,3391,0
3392,3392,1
3393,3393,0
3394,3394,0
3395,3395,0
3396,3396,1
3397,3397,1
3398,3398,0
3399,3399,1
3400,3400,0
3401,3401,0
3402,3402,1
3403,3403,0
3404,3404,1
3405,3405,1
3406,3406,1
3407,3407,1
3408,3408,1
3409,3409,1
3410,3410,0
3411,3411,1
3412,3412,0
3413,3413,0
3414,3414,1
3415,3415,1
3416,3416,0
3417,3417,0
3418,3418,1
3419,3419,0
3420,3420,1
3421,3421,0
3422,3422,0
3423,3423,1
3424,3424,1
3425,3425,1
3426,3426,0
3427,3427,0
3428,3428,0
3429,3429,1
3430,3430,0
3431,3431,0
3432,3432,0
3433,3433,1
3434,3434,1
3435,3435,0
3436,3436,1
3437,3437,0
3438,3438,0
3439,3439,1
3440,3440,0
3441,3441,1
3442,3442,1
3443,3443,1
3444,3444,0
3445,3445,1
3446,3446,0
3447,3447,0
3448,3448,1
3449,3449,0
3450,3450,1
3451,3451,0
3452,3452,0
3453,3453,0
3454,3454,0
3455,3455,0
3456,3456,1
3457,3457,1
3458,3458,0
3459,3459,0
3460,3460,0
3461,3461,1
3462,3462,1
3463,3463,0
3464,3464,1
3465,3465,1
3466,3466,1
3467,3467,1
3468,3468,0
3469,3469,0
3470,3470,1
3471,3471,1
3472,3472,0
3473,3473,1
3474,3474,1
3475,3475,0
3476,3476,1
3477,3477,1
3478,3478,0
3479,3479,0
3480,3480,0
3481,3481,0
3482,3482,1
3483,3483,0
3484,3484,0
3485,3485,1
3486,3486,1
3487,3487,0
3488,3488,1
3489,3489,1
3490,3490,1
3491,3491,0
3492,3492,1
3493,3493,1
3494,3494,0
3495,3495,1
3496,3496,0
3497,3497,1
3498,3498,1
3499,3499,0
3500,3500,1
3501,3501,1
3502,3502,0
3503,3503,1
3504,3504,1
3505,3505,0
3506,3506,0
3507,3507,0
3508,3508,0
3509,3509,1
3510,3510,0
3511,3511,0
3512,3512,0
3513,3513,1
3514,3514,0
3515,3515,0
3516,3516,1
3517,3517,0
3518,3518,0
3519,3519,1
3520,3520,1
3521,3521,1
3522,3522,1
3523,3523,1
3524,3524,1
3525,3525,0
3526,3526,1
3527,3527,1
3528,3528,1
3529,3529,1
3530,3530,1
3531,3531,1
3532,3532,0
3533,3533,1
3534,3534,0
3535,3535,1
3536,3536,0
3537,3537,0
3538,3538,0
3539,3539,1
3540,3540,1
3541,3541,1
3542,3542,0
3543,3543,0
3544,3544,0
3545,3545,1
3546,3546,0
3547,3547,1
3548,3548,1
3549,3549,0
3550,3550,1
3551,3551,0
3552,3552,1
3553,3553,1
3554,3554,0
3555,3555,1
3556,3556,1
3557,3557,0
3558,3558,1
3559,3559,0
3560,3560,0
3561,3561,1
3562,3562,0
3563,3563,1
3564,3564,1
3565,3565,1
3566,3566,0
3567,3567,1
3568,3568,1
3569,3569,0
3570,3570,1
3571,3571,1
3572,3572,1
3573,3573,1
3574,3574,1
3575,3575,0
3576,3576,0
3577,3577,0
3578,3578,1
3579,3579,1
3580,3580,0
3581,3581,0
3582,3582,1
3583,3583,0
3584,3584,0
3585,3585,1
3586,3586,0
3587,3587,0
3588,3588,1
3589,3589,1
3590,3590,1
3591,3591,1
3592,3592,0
3593,3593,0
3594,3594,0
3595,3595,1
3596,3596,1
3597,3597,1
3598,3598,1
3599,3599,1
3600,3600,1
3601,3601,0
3602,3602,1
3603,3603,0
3604,3604,1
3605,3605,1
3606,3606,0
3607,3607,0
3608,3608,1
3609,3609,0
3610,3610,0
3611,3611,1
3612,3612,1
3613,3613,1
3614,3614,1
3615,3615,1
3616,3616,1
3617,3617,0
3618,3618,0
3619,3619,0
3620,3620,0
3621,3621,1
3622,3622,0
3623,3623,0
3624,3624,0
3625,3625,0
3626,3626,1
3627,3627,1
3628,3628,1
3629,3629,0
3630,3630,1
3631,3631,1
3632,3632,0
3633,3633,1
3634,3634,1
3635,3635,0
3636,3636,1
3637,3637,0
3638,3638,0
3639,3639,0
3640,3640,0
3641,3641,1
3642,3642,0
3643,3643,1
3644,3644,0
3645,3645,0
3646,3646,0
3647,3647,1
3648,3648,1
3649,3649,1
3650,3650,1
3651,3651,0
3652,3652,0
3653,3653,0
3654,3654,1
3655,3655,1
3656,3656,1
3657,3657,0
3658,3658,1
3659,3659,0
3660,3660,1
3661,3661,0
3662,3662,0
3663,3663,0
3664,3664,0
3665,3665,0
3666,3666,1
3667,3667,0
3668,3668,1
3669,3669,0
3670,3670,0
3671,3671,1
3672,3672,1
3673,3673,0
3674,3674,1
3675,3675,0
3676,3676,1
3677,3677,1
3678,3678,1
3679,3679,1
3680,3680,0
3681,3681,1
3682,3682,1
3683,3683,1
3684,3684,1
3685,3685,0
3686,3686,0
3687,3687,1
3688,3688,1
3689,3689,0
3690,3690,1
3691,3691,1
3692,3692,1
3693,3693,1
3694,3694,0
3695,3695,1
3696,3696,0
3697,3697,1
3698,3698,0
3699,3699,0
3700,3700,0
3701,3701,0
3702,3702,0
3703,3703,1
3704,3704,1
3705,3705,1
3706,3706,1
3707,3707,0
3708,3708,0
3709,3709,1
3710,3710,1
3711,3711,1
3712,3712,1
3713,3713,0
3714,3714,1
3715,3715,1
3716,3716,1
3717,3717,0
3718,3718,0
3719,3719,1
3720,3720,1
3721,3721,0
3722,3722,1
3723,3723,0
3724,3724,1
3725,3725,1
3726,3726,1
3727,3727,1
3728,3728,0
3729,3729,0
3730,3730,0
3731,3731,1
3732,3732,1
3733,3733,0
3734,3734,0
3735,3735,1
3736,3736,0
3737,3737,0
3738,3738,0
3739,3739,1
3740,3740,0
3741,3741,0
3742,3742,0
3743,3743,1
3744,3744,0
3745,3745,1
3746,3746,0
3747,3747,0
3748,3748,1
3749,3749,1
3750,3750,0
3751,3751,0
3752,3752,0
3753,3753,0
3754,3754,1
3755,3755,0
3756,3756,0
3757,3757,0
3758,3758,1
3759,3759,1
3760,3760,1
3761,3761,0
3762,3762,1
3763,3763,1
3764,3764,0
3765,3765,0
3766,3766,1
3767,3767,0
3768,3768,1
3769,3769,0
3770,3770,1
3771,3771,0
3772,3772,1
3773,3773,0
3774,3774,1
3775,3775,1
3776,3776,1
3777,3777,1
3778,3778,0
3779,3779,1
3780,3780,1
3781,3781,1
3782,3782,0
3783,3783,0
3784,3784,0
3785,3785,0
3786,3786,1
3787,3787,1
3788,3788,0
3789,3789,1
3790,3790,1
3791,3791,0
3792,3792,1
3793,3793,1
3794,3794,1
3795,3795,1
3796,3796,0
3797,3797,0
3798,3798,1
3799,3799,1
3800,3800,1
3801,3801,0
3802,3802,0
3803,3803,1
3804,3804,0
3805,3805,0
3806,3806,0
3807,3807,1
3808,3808,1
3809,3809,1
3810,3810,0
3811,3811,1
3812,3812,1
3813,3813,0
3814,3814,0
3815,3815,1
3816,3816,0
3817,3817,0
3818,3818,1
3819,3819,1
3820,3820,1
3821,3821,1
3822,3822,0
3823,3823,0
3824,3824,1
3825,3825,1
3826,3826,0
3827,3827,0
3828,3828,0
3829,3829,0
3830,3830,0
3831,3831,0
3832,3832,0
3833,3833,0
3834,3834,0
3835,3835,1
3836,3836,1
3837,3837,1
3838,3838,1
3839,3839,1
3840,3840,0
3841,3841,0
3842,3842,0
3843,3843,0
3844,3844,0
3845,3845,0
3846,3846,1
3847,3847,0
3848,3848,0
3849,3849,1
3850,3850,0
3851,3851,0
3852,3852,1
3853,3853,1
3854,3854,1
3855,3855,1
3856,3856,0
3857,3857,1
3858,3858,1
3859,3859,1
3860,3860,1
3861,3861,0
3862,3862,0
3863,3863,0
3864,3864,0
3865,3865,1
3866,3866,0
3867,3867,1
3868,3868,0
3869,3869,1
3870,3870,1
3871,3871,1
3872,3872,0
3873,3873,1
3874,3874,0
3875,3875,1
3876,3876,0
3877,3877,0
3878,3878,0
3879,3879,0
3880,3880,0
3881,3881,0
3882,3882,0
3883,3883,1
3884,3884,0
3885,3885,0
3886,3886,1
3887,3887,0
3888,3888,1
3889,3889,0
3890,3890,0
3891,3891,1
3892,3892,1
3893,3893,0
3894,3894,0
3895,3895,0
3896,3896,1
3897,3897,1
3898,3898,1
3899,3899,0
3900,3900,1
3901,3901,1
3902,3902,0
3903,3903,0
3904,3904,1
3905,3905,1
3906,3906,1
3907,3907,1
3908,3908,1
3909,3909,0
3910,3910,0
3911,3911,0
3912,3912,1
3913,3913,0
3914,3914,1
3915,3915,0
3916,3916,0
3917,3917,0
3918,3918,1
3919,3919,1
3920,3920,1
3921,3921,0
3922,3922,0
3923,3923,1
3924,3924,0
3925,3925,1
3926,3926,0
3927,3927,1
3928,3928,0
3929,3929,1
3930,3930,1
3931,3931,0
3932,3932,0
3933,3933,1
3934,3934,1
3935,3935,1
3936,3936,1
3937,3937,0
3938,3938,1
3939,3939,0
3940,3940,0
3941,3941,1
3942,3942,1
3943,3943,1
3944,3944,1
3945,3945,0
3946,3946,1
3947,3947,1
3948,3948,0
3949,3949,1
3950,3950,1
3951,3951,0
3952,3952,0
3953,3953,1
3954,3954,1
3955,3955,1
3956,3956,0
3957,3957,1
3958,3958,1
3959,3959,0
3960,3960,1
3961,3961,0
3962,3962,0
3963,3963,1
3964,3964,1
3965,3965,1
3966,3966,0
3967,3967,0
3968,3968,0
3969,3969,0
3970,3970,1
3971,3971,0
3972,3972,1
3973,3973,0
3974,3974,1
3975,3975,1
3976,3976,0
3977,3977,1
3978,3978,0
3979,3979,1
3980,3980,0
3981,3981,1
3982,3982,0
3983,3983,1
3984,3984,1
3985,3985,1
3986,3986,0
3987,3987,1
3988,3988,1
3989,3989,0
3990,3990,0
3991,3991,0
3992,3992,1
3993,3993,0
3994,3994,1
3995,3995,0
3996,3996,0
3997,3997,0
3998,3998,1
3999,3999,0
4000,4000,0
4001,4001,0
4002,4002,1
4003,4003,0
4004,4004,1
4005,4005,0
4006,4006,1
4007,4007,0
4008,4008,0
4009,4009,1
4010,4010,1
4011,4011,1
4012,4012,1
4013,4013,0
4014,4014,0
4015,4015,0
4016,4016,0
4017,4017,0
4018,4018,1
4019,4019,0
4020,4020,1
4021,4021,1
4022,4022,0
4023,4023,0
4024,4024,1
4025,4025,0
4026,4026,1
4027,4027,1
4028,4028,0
4029,4029,1
4030,4030,1
4031,4031,1
4032,4032,1
4033,4033,1
4034,4034,1
4035,4035,0
4036,4036,0
4037,4037,0
4038,4038,1
4039,4039,0
4040,4040,1
4041,4041,0
4042,4042,1
4043,4043,0
4044,4044,0
4045,4045,1
4046,4046,0
4047,4047,0
4048,4048,1
4049,4049,0
4050,4050,1
4051,4051,0
4052,4052,1
4053,4053,0
4054,4054,0
4055,4055,1
4056,4056,1
4057,4057,1
4058,4058,1
4059,4059,0
4060,4060,0
4061,4061,0
4062,4062,0
4063,4063,0
4064,4064,1
4065,4065,0
4066,4066,0
4067,4067,0
4068,4068,1
4069,4069,0
4070,4070,1
4071,4071,0
4072,4072,1
4073,4073,0
4074,4074,0
4075,4075,0
4076,4076,0
4077,4077,1
4078,4078,1
4079,4079,1
4080,4080,1
4081,4081,0
4082,4082,1
4083,4083,1
4084,4084,1
4085,4085,1
4086,4086,1
4087,4087,1
4088,4088,1
4089,4089,1
4090,4090,1
4091,4091,0
4092,4092,0
4093,4093,0
4094,4094,1
4095,4095,0
4096,4096,0
4097,4097,1
4098,4098,0
4099,4099,0
4100,4100,0
4101,4101,0
4102,4102,1
4103,4103,0
4104,4104,0
4105,4105,1
4106,4106,0
4107,4107,0
4108,4108,1
4109,4109,1
4110,4110,1
4111,4111,0
4112,4112,0
4113,4113,0
4114,4114,1
4115,4115,0
4116,4116,1
4117,4117,0
4118,4118,0
4119,4119,0
4120,4120,1
4121,4121,0
4122,4122,1
4123,4123,0
4124,4124,1
4125,4125,1
4126,4126,1
4127,4127,0
4128,4128,0
4129,4129,0
4130,4130,1
4131,4131,0
4132,4132,0
4133,4133,0
4134,4134,0
4135,4135,0
4136,4136,1
4137,4137,0
4138,4138,0
4139,4139,0
4140,4140,1
4141,4141,1
4142,4142,0
4143,4143,0
4144,4144,1
4145,4145,0
4146,4146,1
4147,4147,1
4148,4148,0
4149,4149,1
4150,4150,0
4151,4151,0
4152,4152,0
4153,4153,0
4154,4154,1
4155,4155,0
4156,4156,0
4157,4157,1
4158,4158,0
4159,4159,1
4160,4160,0
4161,4161,1
4162,4162,0
4163,4163,0
4164,4164,1
4165,4165,1
4166,4166,1
4167,4167,0
4168,4168,1
4169,4169,0
4170,4170,1
4171,4171,0
4172,4172,0
4173,4173,1
4174,4174,1
4175,4175,1
4176,4176,1
4177,4177,1
4178,4178,1
4179,4179,0
4180,4180,0
4181,4181,0
4182,4182,1
4183,4183,0
4184,4184,0
4185,4185,0
4186,4186,1
4187,4187,0
4188,4188,1
4189,4189,0
4190,4190,1
4191,4191,0
4192,4192,0
4193,4193,0
4194,4194,0
4195,4195,1
4196,4196,0
4197,4197,1
4198,4198,0
4199,4199,0
4200,4200,0
4201,4201,1
4202,4202,0
4203,4203,0
4204,4204,0
4205,4205,1
4206,4206,1
4207,4207,0
4208,4208,1
4209,4209,1
4210,4210,0
4211,4211,0
4212,4212,1
4213,4213,0
4214,4214,0
4215,4215,0
4216,4216,0
4217,4217,1
4218,4218,1
4219,4219,0
4220,4220,1
4221,4221,1
4222,4222,0
4223,4223,0
4224,4224,0
4225,4225,0
4226,4226,1
4227,4227,0
4228,4228,1
4229,4229,0
4230,4230,1
4231,4231,1
4232,4232,0
4233,4233,1
4234,4234,0
4235,4235,1
4236,4236,1
4237,4237,0
4238,4238,0
4239,4239,1
4240,4240,1
4241,4241,1
4242,4242,1
4243,4243,0
4244,4244,0
4245,4245,0
4246,4246,1
4247,4247,1
4248,4248,0
4249,4249,1
4250,4250,1
4251,4251,1
4252,4252,1
4253,4253,0
4254,4254,0
4255,4255,0
4256,4256,1
4257,4257,1
4258,4258,0
4259,4259,0
4260,4260,1
4261,4261,0
4262,4262,0
4263,4263,1
4264,4264,1
4265,4265,0
4266,4266,0
4267,4267,0
4268,4268,0
4269,4269,1
4270,4270,0
4271,4271,1
4272,4272,0
4273,4273,1
4274,4274,0
4275,4275,1
4276,4276,0
4277,4277,0
4278,4278,0
4279,4279,0
4280,4280,0
4281,4281,0
4282,4282,0
4283,4283,1
4284,4284,1
4285,4285,1
4286,4286,1
4287,4287,1
4288,4288,1
4289,4289,1
4290,4290,0
4291,4291,0
4292,4292,0
4293,4293,1
4294,4294,1
4295,4295,1
4296,4296,0
4297,4297,0
4298,4298,1
4299,4299,1
4300,4300,1
4301,4301,1
4302,4302,0
4303,4303,0
4304,4304,0
4305,4305,0
4306,4306,1
4307,4307,0
4308,4308,1
4309,4309,0
4310,4310,0
4311,4311,1
4312,4312,0
4313,4313,0
4314,4314,1
4315,4315,0
4316,4316,1
4317,4317,1
4318,4318,0
4319,4319,1
4320,4320,1
4321,4321,0
4322,4322,1
4323,4323,1
4324,4324,0
4325,4325,1
4326,4326,0
4327,4327,0
4328,4328,0
4329,4329,0
4330,4330,0
4331,4331,1
4332,4332,1
4333,4333,1
4334,4334,1
4335,4335,1
4336,4336,1
4337,4337,1
4338,4338,1
4339,4339,0
4340,4340,1
4341,4341,0
4342,4342,0
4343,4343,1
4344,4344,1
4345,4345,0
4346,4346,0
4347,4347,0
4348,4348,1
4349,4349,1
4350,4350,0
4351,4351,0
4352,4352,0
4353,4353,1
4354,4354,0
4355,4355,1
4356,4356,1
4357,4357,0
4358,4358,0
4359,4359,1
4360,4360,0
4361,4361,1
4362,4362,1
4363,4363,1
4364,4364,1
4365,4365,1
4366,4366,1
4367,4367,0
4368,4368,0
4369,4369,0
4370,4370,0
4371,4371,1
4372,4372,0
4373,4373,1
4374,4374,0
4375,4375,0
4376,4376,1
4377,4377,0
4378,4378,0
4379,4379,0
4380,4380,0
4381,4381,1
4382,4382,1
4383,4383,0
4384,4384,0
4385,4385,1
4386,4386,1
4387,4387,1
4388,4388,1
4389,4389,1
4390,4390,1
4391,4391,1
4392,4392,1
4393,4393,0
4394,4394,0
4395,4395,1
4396,4396,0
4397,4397,0
4398,4398,1
4399,4399,0
4400,4400,1
4401,4401,1
4402,4402,0
4403,4403,0
4404,4404,0
4405,4405,0
4406,4406,1
4407,4407,0
4408,4408,0
4409,4409,0
4410,4410,0
4411,4411,1
4412,4412,0
4413,4413,1
4414,4414,0
4415,4415,1
4416,4416,0
4417,4417,1
4418,4418,0
4419,4419,1
4420,4420,1
4421,4421,1
4422,4422,1
4423,4423,0
4424,4424,1
4425,4425,0
4426,4426,0
4427,4427,0
4428,4428,1
4429,4429,1
4430,4430,0
4431,4431,0
4432,4432,1
4433,4433,0
4434,4434,0
4435,4435,1
4436,4436,0
4437,4437,0
4438,4438,0
4439,4439,1
4440,4440,0
4441,4441,1
4442,4442,1
4443,4443,1
4444,4444,0
4445,4445,1
4446,4446,1
4447,4447,1
4448,4448,1
4449,4449,1
4450,4450,1
4451,4451,1
4452,4452,0
4453,4453,1
4454,4454,0
4455,4455,1
4456,4456,1
4457,4457,0
4458,4458,1
4459,4459,1
4460,4460,0
4461,4461,1
4462,4462,0
4463,4463,0
4464,4464,1
4465,4465,1
4466,4466,1
4467,4467,1
4468,4468,0
4469,4469,0
4470,4470,0
4471,4471,1
4472,4472,1
4473,4473,0
4474,4474,1
4475,4475,1
4476,4476,0
4477,4477,0
4478,4478,1
4479,4479,1
4480,4480,0
4481,4481,1
4482,4482,0
4483,4483,0
4484,4484,0
4485,4485,0
4486,4486,1
4487,4487,1
4488,4488,1
4489,4489,0
4490,4490,0
4491,4491,0
4492,4492,1
4493,4493,0
4494,4494,1
4495,4495,1
4496,4496,0
4497,4497,0
4498,4498,1
4499,4499,1
4500,4500,1
4501,4501,1
4502,4502,1
4503,4503,0
4504,4504,0
4505,4505,1
4506,4506,1
4507,4507,0
4508,4508,1
4509,4509,0
4510,4510,1
4511,4511,1
4512,4512,0
4513,4513,1
4514,4514,0
4515,4515,0
4516,4516,1
4517,4517,1
4518,4518,1
4519,4519,0
4520,4520,0
4521,4521,1
4522,4522,0
4523,4523,0
4524,4524,1
4525,4525,1
4526,4526,1
4527,4527,1
4528,4528,1
4529,4529,0
4530,4530,0
4531,4531,1
4532,4532,0
4533,4533,1
4534,4534,1
4535,4535,1
4536,4536,1
4537,4537,1
4538,4538,1
4539,4539,0
4540,4540,0
4541,4541,1
4542,4542,1
4543,4543,1
4544,4544,1
4545,4545,0
4546,4546,0
4547,4547,0
4548,4548,1
4549,4549,0
4550,4550,1
4551,4551,0
4552,4552,1
4553,4553,1
4554,4554,1
4555,4555,0
4556,4556,0
4557,4557,0
4558,4558,0
4559,4559,1
4560,4560,0
4561,4561,0
4562,4562,0
4563,4563,1
4564,4564,1
4565,4565,1
4566,4566,0
4567,4567,1
4568,4568,1
4569,4569,1
4570,4570,1
4571,4571,1
4572,4572,0
4573,4573,1
4574,4574,0
4575,4575,1
4576,4576,1
4577,4577,0
4578,4578,1
4579,4579,1
4580,4580,1
4581,4581,1
4582,4582,0
4583,4583,0
4584,4584,1
4585,4585,0
4586,4586,0
4587,4587,1
4588,4588,1
4589,4589,0
4590,4590,1
4591,4591,0
4592,4592,0
4593,4593,1
4594,4594,1
4595,4595,1
4596,4596,1
4597,4597,1
4598,4598,0
4599,4599,1
4600,4600,1
4601,4601,1
4602,4602,1
4603,4603,1
4604,4604,1
4605,4605,1
4606,4606,1
4607,4607,0
4608,4608,1
4609,4609,0
4610,4610,0
4611,4611,1
4612,4612,1
4613,4613,0
4614,4614,0
4615,4615,1
4616,4616,1
4617,4617,0
4618,4618,1
4619,4619,0
4620,4620,0
4621,4621,1
4622,4622,1
4623,4623,1
4624,4624,1
4625,4625,1
4626,4626,1
4627,4627,0
4628,4628,1
4629,4629,1
4630,4630,1
4631,4631,1
4632,4632,0
4633,4633,1
4634,4634,1
4635,4635,1
4636,4636,1
4637,4637,1
4638,4638,1
4639,4639,0
4640,4640,0
4641,4641,1
4642,4642,0
4643,4643,0
4644,4644,0
4645,4645,0
4646,4646,1
4647,4647,0
4648,4648,0
4649,4649,0
4650,4650,1
4651,4651,1
4652,4652,0
4653,4653,0
4654,4654,1
4655,4655,0
4656,4656,0
4657,4657,1
4658,4658,1
4659,4659,0
4660,4660,0
4661,4661,1
4662,4662,0
4663,4663,0
4664,4664,0
4665,4665,0
4666,4666,0
4667,4667,1
4668,4668,0
4669,4669,0
4670,4670,0
4671,4671,1
4672,4672,0
4673,4673,0
4674,4674,1
4675,4675,1
4676,4676,0
4677,4677,0
4678,4678,1
4679,4679,1
4680,4680,0
4681,4681,1
4682,4682,1
4683,4683,1
4684,4684,0
4685,4685,1
4686,4686,0
4687,4687,0
4688,4688,1
4689,4689,0
4690,4690,1
4691,4691,0
4692,4692,1
4693,4693,1
4694,4694,0
4695,4695,1
4696,4696,1
4697,4697,1
4698,4698,1
4699,4699,1
4700,4700,0
4701,4701,1
4702,4702,0
4703,4703,0
4704,4704,1
4705,4705,0
4706,4706,0
4707,4707,1
4708,4708,1
4709,4709,0
4710,4710,0
4711,4711,0
4712,4712,1
4713,4713,1
4714,4714,1
4715,4715,0
4716,4716,0
4717,4717,0
4718,4718,0
4719,4719,0
4720,4720,1
4721,4721,0
4722,4722,1
4723,4723,0
4724,4724,1
4725,4725,0
4726,4726,1
4727,4727,0
4728,4728,0
4729,4729,0
4730,4730,1
4731,4731,0
4732,4732,0
4733,4733,1
4734,4734,0
4735,4735,0
4736,4736,1
4737,4737,0
4738,4738,1
4739,4739,1
4740,4740,0
4741,4741,0
4742,4742,0
4743,4743,1
4744,4744,1
4745,4745,1
4746,4746,1
4747,4747,1
4748,4748,1
4749,4749,0
4750,4750,1
4751,4751,0
4752,4752,1
4753,4753,1
4754,4754,1
4755,4755,0
4756,4756,0
4757,4757,1
4758,4758,1
4759,4759,0
4760,4760,1
4761,4761,1
4762,4762,1
4763,4763,0
4764,4764,1
4765,4765,1
4766,4766,0
4767,4767,1
4768,4768,0
4769,4769,1
4770,4770,1
4771,4771,0
4772,4772,0
4773,4773,1
4774,4774,0
4775,4775,1
4776,4776,0
4777,4777,0
4778,4778,1
4779,4779,1
4780,4780,1
4781,4781,1
4782,4782,1
4783,4783,0
4784,4784,1
4785,4785,0
4786,4786,0
4787,4787,0
4788,4788,1
4789,4789,1
4790,4790,0
4791,4791,0
4792,4792,0
4793,4793,1
4794,4794,1
4795,4795,1
4796,4796,1
4797,4797,1
4798,4798,1
4799,4799,0
4800,4800,1
4801,4801,0
4802,4802,0
4803,4803,1
4804,4804,1
4805,4805,1
4806,4806,0
4807,4807,0
4808,4808,0
4809,4809,0
4810,4810,0
4811,4811,1
4812,4812,0
4813,4813,0
4814,4814,1
4815,4815,1
4816,4816,0
4817,4817,1
4818,4818,1
4819,4819,0
4820,4820,1
4821,4821,1
4822,4822,1
4823,4823,0
4824,4824,0
4825,4825,1
4826,4826,1
4827,4827,0
4828,4828,0
4829,4829,0
4830,4830,1
4831,4831,1
4832,4832,1
4833,4833,1
4834,4834,0
4835,4835,1
4836,4836,1
4837,4837,0
4838,4838,1
4839,4839,0
4840,4840,1
4841,4841,0
4842,4842,0
4843,4843,1
4844,4844,0
4845,4845,0
4846,4846,0
4847,4847,1
4848,4848,1
4849,4849,1
4850,4850,0
4851,4851,0
4852,4852,1
4853,4853,0
4854,4854,1
4855,4855,1
4856,4856,1
4857,4857,0
4858,4858,0
4859,4859,0
4860,4860,1
4861,4861,0
4862,4862,1
4863,4863,0
4864,4864,1
4865,4865,1
4866,4866,1
4867,4867,1
4868,4868,0
4869,4869,0
4870,4870,1
4871,4871,1
4872,4872,0
4873,4873,1
4874,4874,1
4875,4875,1
4876,4876,1
4877,4877,0
4878,4878,1
4879,4879,0
4880,4880,1
4881,4881,0
4882,4882,1
4883,4883,1
4884,4884,0
4885,4885,0
4886,4886,0
4887,4887,1
4888,4888,0
4889,4889,1
4890,4890,0
4891,4891,0
4892,4892,1
4893,4893,0
4894,4894,0
4895,4895,0
4896,4896,1
4897,4897,1
4898,4898,1
4899,4899,0
4900,4900,0
4901,4901,1
4902,4902,0
4903,4903,0
4904,4904,0
4905,4905,0
4906,4906,1
4907,4907,1
4908,4908,1
4909,4909,0
4910,4910,0
4911,4911,0
4912,4912,1
4913,4913,1
4914,4914,1
4915,4915,0
4916,4916,0
4917,4917,0
4918,4918,0
4919,4919,0
4920,4920,1
4921,4921,0
4922,4922,1
4923,4923,1
4924,4924,0
4925,4925,1
4926,4926,1
4927,4927,0
4928,4928,1
4929,4929,1
4930,4930,1
4931,4931,0
4932,4932,1
4933,4933,1
4934,4934,1
4935,4935,1
4936,4936,0
4937,4937,0
4938,4938,1
4939,4939,0
4940,4940,0
4941,4941,1
4942,4942,1
4943,4943,0
4944,4944,0
4945,4945,0
4946,4946,1
4947,4947,0
4948,4948,0
4949,4949,0
4950,4950,1
4951,4951,1
4952,4952,1
4953,4953,1
4954,4954,1
4955,4955,1
4956,4956,0
4957,4957,1
4958,4958,0
4959,4959,0
4960,4960,1
4961,4961,1
4962,4962,0
4963,4963,1
4964,4964,0
4965,4965,1
4966,4966,1
4967,4967,0
4968,4968,1
4969,4969,1
4970,4970,0
4971,4971,0
4972,4972,1
4973,4973,0
4974,4974,0
4975,4975,0
4976,4976,0
4977,4977,1
4978,4978,1
4979,4979,1
4980,4980,1
4981,4981,0
4982,4982,0
4983,4983,1
4984,4984,0
4985,4985,1
4986,4986,0
4987,4987,0
4988,4988,1
4989,4989,0
4990,4990,0
4991,4991,1
4992,4992,0
4993,4993,0
4994,4994,1
4995,4995,1
4996,4996,0
4997,4997,1
4998,4998,0
4999,4999,0
5000,5000,1
5001,5001,0
5002,5002,1
5003,5003,0
5004,5004,1
5005,5005,1
5006,5006,0
5007,5007,1
5008,5008,1
5009,5009,0
5010,5010,1
5011,5011,0
5012,5012,0
5013,5013,0
5014,5014,0
5015,5015,0
5016,5016,1
5017,5017,0
5018,5018,0
5019,5019,1
5020,5020,0
5021,5021,1
5022,5022,0
5023,5023,1
5024,5024,1
5025,5025,1
5026,5026,0
5027,5027,0
5028,5028,1
5029,5029,0
5030,5030,0
5031,5031,1
5032,5032,1
5033,5033,1
5034,5034,1
5035,5035,0
5036,5036,1
5037,5037,0
5038,5038,0
5039,5039,1
5040,5040,1
5041,5041,0
5042,5042,0
5043,5043,1
5044,5044,1
5045,5045,1
5046,5046,0
5047,5047,1
5048,5048,1
5049,5049,0
5050,5050,1
5051,5051,0
5052,5052,1
5053,5053,1
5054,5054,0
5055,5055,0
5056,5056,0
5057,5057,1
5058,5058,1
5059,5059,0
5060,5060,0
5061,5061,1
5062,5062,0
5063,5063,1
5064,5064,1
5065,5065,1
5066,5066,1
5067,5067,1
5068,5068,1
5069,5069,0
5070,5070,1
5071,5071,0
5072,5072,1
5073,5073,1
5074,5074,1
5075,5075,0
5076,5076,1
5077,5077,0
5078,5078,0
5079,5079,0
5080,5080,1
5081,5081,0
5082,5082,0
5083,5083,0
5084,5084,0
5085,5085,0
5086,5086,1
5087,5087,1
5088,5088,1
5089,5089,1
5090,5090,1
5091,5091,1
5092,5092,1
5093,5093,0
5094,5094,0
5095,5095,1
5096,5096,1
5097,5097,1
5098,5098,0
5099,5099,1
5100,5100,1
5101,5101,1
5102,5102,0
5103,5103,0
5104,5104,0
5105,5105,1
5106,5106,0
5107,5107,1
5108,5108,1
5109,5109,1
5110,5110,1
5111,5111,0
5112,5112,1
5113,5113,1
5114,5114,0
5115,5115,0
5116,5116,1
5117,5117,0
5118,5118,0
5119,5119,1
5120,5120,1
5121,5121,1
5122,5122,1
5123,5123,1
5124,5124,0
5125,5125,1
5126,5126,0
5127,5127,1
5128,5128,0
5129,5129,1
5130,5130,0
5131,5131,1
5132,5132,0
5133,5133,1
5134,5134,0
5135,5135,0
5136,5136,1
5137,5137,1
5138,5138,1
5139,5139,1
5140,5140,1
5141,5141,0
5142,5142,1
5143,5143,0
5144,5144,0
5145,5145,0
5146,5146,0
5147,5147,0
5148,5148,0
5149,5149,1
5150,5150,1
5151,5151,1
5152,5152,1
5153,5153,1
5154,5154,0
5155,5155,0
5156,5156,0
5157,5157,0
5158,5158,0
5159,5159,1
5160,5160,1
5161,5161,1
5162,5162,0
5163,5163,1
5164,5164,0
5165,5165,1
5166,5166,0
5167,5167,1
5168,5168,0
5169,5169,0
5170,5170,0
5171,5171,1
5172,5172,1
5173,5173,0
5174,5174,1
5175,5175,1
5176,5176,1
5177,5177,0
5178,5178,0
5179,5179,0
5180,5180,0
5181,5181,0
5182,5182,1
5183,5183,1
5184,5184,1
5185,5185,0
5186,5186,1
5187,5187,0
5188,5188,0
5189,5189,1
5190,5190,0
5191,5191,1
5192,5192,0
5193,5193,0
5194,5194,0
5195,5195,1
5196,5196,1
5197,5197,0
5198,5198,0
5199,5199,0
5200,5200,0
5201,5201,0
5202,5202,0
5203,5203,0
5204,5204,1
5205,5205,1
5206,5206,0
5207,5207,0
5208,5208,0
5209,5209,1
5210,5210,1
5211,5211,0
5212,5212,0
5213,5213,0
5214,5214,1
5215,5215,1
5216,5216,1
5217,5217,1
5218,5218,1
5219,5219,0
5220,5220,0
5221,5221,1
5222,5222,1
5223,5223,1
5224,5224,1
5225,5225,1
5226,5226,1
5227,5227,1
5228,5228,0
5229,5229,0
5230,5230,1
5231,5231,1
5232,5232,0
5233,5233,1
5234,5234,0
5235,5235,1
5236,5236,0
5237,5237,1
5238,5238,0
5239,5239,1
5240,5240,1
5241,5241,0
5242,5242,0
5243,5243,0
5244,5244,0
5245,5245,0
5246,5246,1
5247,5247,1
5248,5248,0
5249,5249,0
5250,5250,1
5251,5251,1
5252,5252,1
5253,5253,1
5254,5254,0
5255,5255,1
5256,5256,1
5257,5257,1
5258,5258,0
5259,5259,0
5260,5260,0
5261,5261,0
5262,5262,0
5263,5263,0
5264,5264,0
5265,5265,0
5266,5266,1
5267,5267,1
5268,5268,1
5269,5269,0
5270,5270,1
5271,5271,0
5272,5272,0
5273,5273,0
5274,5274,1
5275,5275,1
5276,5276,0
5277,5277,0
5278,5278,0
5279,5279,0
5280,5280,1
5281,5281,0
5282,5282,0
5283,5283,0
5284,5284,1
5285,5285,0
5286,5286,0
5287,5287,0
5288,5288,0
5289,5289,1
5290,5290,0
5291,5291,0
5292,5292,1
5293,5293,0
5294,5294,0
5295,5295,0
5296,5296,0
5297,5297,0
5298,5298,0
5299,5299,1
5300,5300,1
5301,5301,1
5302,5302,1
5303,5303,1
5304,5304,0
5305,5305,1
5306,5306,1
5307,5307,1
5308,5308,0
5309,5309,1
5310,5310,0
5311,5311,1
5312,5312,0
5313,5313,1
5314,5314,0
5315,5315,0
5316,5316,1
5317,5317,1
5318,5318,1
5319,5319,0
5320,5320,0
5321,5321,1
5322,5322,0
5323,5323,0
5324,5324,0
5325,5325,1
5326,5326,0
5327,5327,0
5328,5328,0
5329,5329,1
5330,5330,0
5331,5331,1
5332,5332,0
5333,5333,0
5334,5334,0
5335,5335,1
5336,5336,1
5337,5337,1
5338,5338,1
5339,5339,0
5340,5340,0
5341,5341,0
5342,5342,0
5343,5343,0
5344,5344,0
5345,5345,1
5346,5346,0
5347,5347,0
5348,5348,0
5349,5349,0
5350,5350,1
5351,5351,1
5352,5352,0
5353,5353,1
5354,5354,0
5355,5355,1
5356,5356,1
5357,5357,0
5358,5358,1
5359,5359,0
5360,5360,0
5361,5361,0
5362,5362,1
5363,5363,0
5364,5364,0
5365,5365,0
5366,5366,0
5367,5367,1
5368,5368,0
5369,5369,0
5370,5370,1
5371,5371,0
5372,5372,1
5373,5373,0
5374,5374,0
5375,5375,1
5376,5376,1
5377,5377,1
5378,5378,0
5379,5379,0
5380,5380,0
5381,5381,1
5382,5382,1
5383,5383,0
5384,5384,1
5385,5385,1
5386,5386,1
5387,5387,1
5388,5388,1
5389,5389,1
5390,5390,0
5391,5391,1
5392,5392,0
5393,5393,1
5394,5394,0
5395,5395,0
5396,5396,0
5397,5397,0
5398,5398,1
5399,5399,1
5400,5400,1
5401,5401,0
5402,5402,1
5403,5403,0
5404,5404,1
5405,5405,1
5406,5406,0
5407,5407,0
5408,5408,1
5409,5409,0
5410,5410,0
5411,5411,1
5412,5412,1
5413,5413,1
5414,5414,0
5415,5415,1
5416,5416,1
5417,5417,1
5418,5418,1
5419,5419,0
5420,5420,1
5421,5421,0
5422,5422,0
5423,5423,1
5424,5424,0
5425,5425,1
5426,5426,1
5427,5427,0
5428,5428,1
5429,5429,1
5430,5430,0
5431,5431,1
5432,5432,1
5433,5433,1
5434,5434,1
5435,5435,1
5436,5436,0
5437,5437,1
5438,5438,1
5439,5439,0
5440,5440,1
5441,5441,1
5442,5442,1
5443,5443,1
5444,5444,1
5445,5445,0
5446,5446,1
5447,5447,1
5448,5448,1
5449,5449,0
5450,5450,0
5451,5451,1
5452,5452,1
5453,5453,0
5454,5454,1
5455,5455,0
5456,5456,1
5457,5457,1
5458,5458,1
5459,5459,1
5460,5460,1
5461,5461,0
5462,5462,1
5463,5463,1
5464,5464,1
5465,5465,1
5466,5466,1
5467,5467,0
5468,5468,0
5469,5469,0
5470,5470,1
5471,5471,1
5472,5472,0
5473,5473,1
5474,5474,0
5475,5475,1
5476,5476,1
5477,5477,0
5478,5478,0
5479,5479,1
5480,5480,1
5481,5481,0
5482,5482,0
5483,5483,1
5484,5484,0
5485,5485,0
5486,5486,1
5487,5487,0
5488,5488,1
5489,5489,1
5490,5490,1
5491,5491,0
5492,5492,0
5493,5493,1
5494,5494,1
5495,5495,0
5496,5496,0
5497,5497,0
5498,5498,0
5499,5499,0
5500,5500,0
5501,5501,0
5502,5502,0
5503,5503,1
5504,5504,0
5505,5505,1
5506,5506,1
5507,5507,1
5508,5508,0
5509,5509,0
5510,5510,1
5511,5511,0
5512,5512,1
5513,5513,1
5514,5514,0
5515,5515,1
5516,5516,0
5517,5517,0
5518,5518,0
5519,5519,0
5520,5520,0
5521,5521,0
5522,5522,1
5523,5523,0
5524,5524,0
5525,5525,1
5526,5526,1
5527,5527,0
5528,5528,0
5529,5529,0
5530,5530,0
5531,5531,1
5532,5532,1
5533,5533,1
5534,5534,0
5535,5535,1
5536,5536,1
5537,5537,0
5538,5538,1
5539,5539,0
5540,5540,0
5541,5541,1
5542,5542,1
5543,5543,1
5544,5544,0
5545,5545,1
5546,5546,1
5547,5547,1
5548,5548,1
5549,5549,0
5550,5550,0
