,itemId,count,popClass
4226,15124,4680,0
4245,15205,4184,0
4559,16377,3906,0
1683,6037,3368,0
3098,11064,3281,0
2133,7624,3277,0
4014,14367,3274,0
1194,4306,3268,0
1375,4996,3247,0
3415,12232,3212,0
3835,13728,3116,0
2401,8644,3019,0
4067,14550,3005,0
329,1145,2999,0
2132,7617,2993,0
939,3427,2960,0
4562,16384,2959,0
3530,12672,2942,0
760,2782,2895,0
1283,4656,2856,0
4034,14410,2816,0
4089,14621,2808,0
1715,6134,2791,0
3397,12161,2613,0
2330,8387,2564,0
2951,10550,2537,0
3176,11337,2535,0
2959,10583,2470,0
4389,15755,2440,0
3205,11443,2405,0
3723,13359,2396,0
2892,10358,2380,0
1945,6974,2367,0
4304,15393,2270,0
1396,5054,2251,0
3088,11040,2248,0
1367,4951,2229,0
3301,11781,2160,0
403,1470,2149,0
1373,4972,2114,0
1657,5939,2073,0
3438,12338,2060,0
4498,16128,2047,0
3247,11607,1998,0
3795,13614,1957,0
2719,9728,1950,0
3439,12343,1948,0
633,2342,1920,0
2006,7193,1920,0
580,2112,1902,0
3888,13923,1864,0
2830,10123,1843,0
1932,6931,1823,0
4232,15156,1798,0
2020,7233,1770,0
3362,12034,1735,0
4314,15425,1733,0
4550,16339,1722,0
2168,7767,1714,0
3031,10820,1711,0
1881,6720,1707,0
2516,9051,1706,0
107,357,1688,0
1611,5807,1683,0
3366,12047,1675,0
1536,5571,1666,0
600,2200,1663,0
1970,7057,1648,0
1780,6350,1628,0
1614,5814,1605,0
1415,5112,1602,0
1002,3605,1584,0
481,1744,1573,0
2583,9254,1553,0
1824,6510,1536,0
4129,14780,1522,0
204,708,1516,0
3058,10906,1512,0
4168,14909,1487,0
1254,4545,1485,0
2211,7937,1479,0
4210,15058,1460,0
4774,17129,1459,0
3124,11152,1456,0
1445,5226,1447,0
99,329,1436,0
94,312,1424,0
2572,9205,1421,0
2748,9818,1398,0
3128,11173,1390,0
1547,5628,1383,0
1736,6205,1379,0
4224,15116,1377,0
1838,6555,1358,0
2455,8832,1356,0
1571,5695,1353,0
4155,14869,1348,0
3161,11279,1339,0
747,2743,1325,0
1963,7032,1319,0
2860,10225,1317,0
1779,6347,1299,0
978,3538,1294,0
2733,9768,1278,0
2245,8079,1267,0
1295,4698,1267,0
4792,17215,1260,0
1909,6833,1254,0
4834,17405,1241,0
1966,7040,1240,0
2743,9800,1221,0
4829,17387,1198,0
2224,7971,1196,0
3433,12305,1185,0
545,1975,1180,0
663,2465,1179,0
1815,6482,1179,0
4176,14940,1163,0
1810,6464,1162,0
1602,5788,1158,0
1075,3864,1142,0
3138,11198,1140,0
3752,13471,1132,0
4624,16604,1126,0
665,2470,1116,0
4432,15919,1115,0
708,2617,1113,0
1949,6994,1098,0
3170,11315,1082,0
3534,12690,1063,0
3483,12500,1055,0
1427,5169,1054,0
4615,16565,1050,0
4721,16948,1047,0
2134,7627,1040,0
603,2209,1038,0
2048,7330,1029,0
514,1843,1026,0
1803,6449,1023,0
1183,4262,1021,0
4220,15105,1012,0
4813,17295,1010,0
4709,16901,1005,0
4862,17482,1001,0
3698,13298,992,0
100,331,977,0
2233,8016,973,0
3746,13439,959,0
4212,15084,958,0
2098,7521,957,0
949,3463,956,0
2841,10158,955,0
1277,4633,950,0
2916,10436,950,0
4745,17031,949,0
4590,16469,945,0
3964,14209,936,0
4654,16703,934,0
4781,17174,928,0
4053,14484,923,0
2449,8806,919,0
1747,6231,914,0
643,2395,911,0
2914,10429,905,0
4289,15339,897,0
3569,12828,895,0
459,1659,893,0
10,28,891,0
4571,16406,886,0
1216,4402,886,0
3993,14296,885,0
440,1590,880,0
431,1571,873,0
2313,8334,869,0
301,1046,861,0
1303,4727,860,0
1034,3730,858,0
2339,8413,846,0
2498,8981,840,0
553,2000,838,0
4013,14364,831,0
4661,16721,821,0
3691,13273,819,0
2803,10027,816,0
4276,15296,812,0
2462,8851,811,0
2673,9593,811,0
2900,10379,810,0
2501,8989,810,0
2628,9415,804,0
129,443,801,0
3120,11139,799,0
109,361,799,0
1710,6117,797,0
3558,12799,796,0
4900,17621,796,0
2382,8585,794,0
4530,16262,793,0
4588,16465,788,0
1211,4393,784,0
4177,14960,780,0
4420,15853,779,0
2260,8116,769,0
2887,10344,768,0
3642,13074,751,0
2191,7879,750,0
4081,14601,749,0
4514,16201,748,0
3758,13493,747,0
3279,11701,743,0
4507,16169,742,0
1671,5997,740,0
1206,4369,729,0
1877,6702,727,0
4445,15953,721,0
2023,7249,717,0
1499,5430,711,0
2367,8531,709,0
2192,7882,709,0
3865,13856,708,0
4454,16008,707,0
4857,17474,702,0
4928,17703,701,0
4775,17134,698,0
4731,16997,698,0
3237,11573,696,0
252,872,696,0
3300,11771,694,0
4942,17762,693,0
2494,8966,693,0
4651,16698,691,0
2054,7356,688,0
4452,15997,684,0
4291,15342,684,0
4312,15421,681,0
84,273,678,0
3077,10986,678,0
3863,13847,672,0
3012,10759,672,0
3445,12365,671,0
1751,6240,671,0
124,413,670,0
869,3197,666,0
4107,14698,662,0
4604,16532,659,0
1062,3824,657,0
1625,5836,656,0
4370,15671,654,0
3410,12221,652,0
3572,12838,651,0
3717,13342,649,0
521,1877,647,0
4170,14918,641,0
1742,6221,641,0
870,3198,637,0
2255,8099,636,0
2913,10428,633,0
2394,8619,633,0
3402,12186,632,0
4818,17321,632,0
1448,5237,631,0
1209,4384,619,0
839,3085,618,0
3105,11090,616,0
2316,8339,610,0
3760,13501,610,0
2004,7184,609,0
3565,12818,607,0
1334,4862,607,0
4891,17589,595,0
2482,8928,593,0
4033,14407,593,0
2652,9508,592,0
3261,11647,591,0
556,2016,591,0
4330,15496,590,0
2596,9298,583,0
861,3165,582,0
1244,4520,582,0
1204,4341,581,0
3257,11638,581,0
1744,6223,580,0
2615,9381,580,0
4239,15182,578,0
950,3466,578,0
4227,15129,573,0
4548,16325,572,0
4733,17002,568,0
1421,5137,568,0
3627,13007,566,0
3229,11544,565,0
1872,6687,563,0
4182,14978,563,0
4147,14855,562,0
858,3161,560,0
2861,10230,553,0
3856,13827,551,0
960,3489,551,0
3486,12508,550,0
489,1770,547,0
1783,6362,545,0
4058,14507,543,0
4337,15532,540,0
4123,14759,534,0
1752,6243,532,0
2971,10620,529,0
2000,7173,523,0
4735,17008,521,0
898,3274,521,0
4876,17541,519,0
2551,9160,518,0
3118,11132,517,0
3263,11658,516,0
3648,13098,510,0
1494,5414,509,0
844,3098,509,0
1994,7145,505,0
1764,6281,505,0
4082,14602,502,0
1558,5656,498,0
1003,3617,495,0
2137,7643,495,0
525,1901,494,0
1882,6721,493,0
2504,9003,487,0
436,1585,486,0
71,223,486,0
586,2139,484,0
777,2866,484,0
4322,15449,483,0
3867,13865,483,0
1400,5071,483,0
1312,4761,479,0
775,2851,478,0
3324,11882,474,0
3329,11903,474,0
3055,10894,473,0
2406,8669,473,0
1756,6255,471,0
4008,14355,470,0
1344,4884,470,0
456,1645,469,0
2536,9110,469,0
2453,8826,467,0
4729,16992,466,0
4095,14642,463,0
4127,14776,463,0
816,3015,461,0
2274,8177,459,0
2356,8483,458,0
765,2809,457,0
2515,9048,457,0
3588,12904,451,0
2153,7696,450,0
3641,13073,450,0
635,2348,450,0
3265,11662,448,0
758,2780,446,0
922,3364,446,0
2741,9798,446,0
1030,3715,446,0
1998,7163,443,0
2731,9757,443,0
4254,15234,440,0
2471,8883,438,0
3978,14250,437,0
1015,3670,437,0
4585,16459,436,0
2579,9235,434,0
3844,13787,434,0
3147,11234,434,0
4673,16767,434,0
4411,15816,430,0
1643,5895,429,0
1327,4841,427,0
279,962,426,0
2165,7755,426,0
4042,14457,425,0
1638,5882,422,0
1033,3728,421,0
4916,17671,420,0
1486,5391,419,0
4795,17221,416,0
4801,17251,416,0
3763,13512,416,0
3199,11427,415,0
2021,7237,415,0
2147,7683,414,0
836,3071,414,0
544,1974,414,0
4117,14734,413,0
151,516,413,0
3413,12224,412,0
3193,11405,410,0
267,940,408,0
1675,6007,406,0
2665,9565,404,0
3139,11199,403,0
1626,5837,403,0
2119,7563,403,0
1574,5704,402,0
1450,5243,401,0
2901,10392,399,0
4469,16047,397,0
4047,14467,397,0
1069,3840,397,0
850,3128,395,0
4157,14873,393,0
4619,16587,389,0
2769,9913,386,0
4754,17057,383,0
4787,17195,381,0
3467,12430,381,0
4678,16788,379,0
943,3434,377,0
2136,7632,376,0
3738,13423,375,0
3731,13389,374,0
4868,17499,373,0
547,1983,371,0
17,58,371,0
331,1148,370,0
1188,4284,370,0
1310,4753,368,0
3873,13883,367,0
1411,5103,365,0
2322,8357,364,0
3646,13087,362,0
1319,4801,359,0
2199,7895,357,0
3323,11875,355,0
2129,7607,354,0
4149,14858,352,0
3280,11702,351,0
1220,4420,350,0
751,2751,350,0
4381,15730,349,0
4234,15163,349,0
3553,12763,346,0
3087,11038,346,0
1433,5187,345,0
1282,4652,344,0
2702,9681,343,0
4391,15769,343,0
3945,14131,342,0
1985,7112,341,0
408,1482,340,0
4625,16606,339,0
4782,17176,338,0
1740,6219,335,0
1392,5033,333,0
1292,4686,332,0
1629,5854,332,0
2780,9946,330,0
1873,6693,330,0
3102,11084,325,0
1156,4157,324,0
2983,10662,323,0
4340,15545,322,0
3404,12191,321,0
125,424,320,0
2809,10044,320,0
4119,14737,320,0
2896,10371,318,0
1691,6068,318,0
3378,12096,316,0
302,1050,315,0
208,723,314,0
1561,5665,311,0
3918,14016,311,0
1895,6771,311,0
1924,6886,304,0
4642,16660,303,0
1109,3972,303,0
4698,16859,302,0
3356,12002,302,0
2571,9204,301,0
2139,7647,301,0
2201,7899,298,0
2866,10240,298,0
3653,13115,298,0
2432,8744,297,0
24,77,297,0
163,551,296,0
877,3216,296,0
1435,5190,296,0
1081,3879,295,0
2685,9621,295,0
1330,4849,293,0
4597,16491,291,0
4784,17180,291,0
1694,6073,290,0
3607,12940,289,0
365,1295,287,0
2885,10337,287,0
2190,7875,287,0
3813,13663,286,0
3254,11630,286,0
2621,9395,286,0
3062,10920,284,0
338,1175,284,0
3647,13091,282,0
3369,12054,282,0
2756,9859,281,0
1355,4912,278,0
2126,7589,277,0
4012,14363,277,0
3288,11732,276,0
648,2422,276,0
3736,13413,275,0
2846,10176,274,0
3144,11218,274,0
317,1096,273,0
4536,16281,272,0
3632,13031,271,0
246,843,270,0
78,256,270,0
2812,10055,270,0
2999,10712,269,0
4233,15158,267,0
93,305,267,0
4336,15530,266,0
4887,17565,266,0
1556,5651,265,0
2872,10277,265,0
2996,10695,264,0
534,1939,263,0
756,2775,262,0
2985,10664,262,0
3623,12999,261,0
2511,9023,260,0
2827,10109,260,0
3033,10828,259,0
1990,7127,259,0
4850,17452,258,0
1943,6960,257,0
4918,17682,256,0
2910,10420,256,0
3948,14137,256,0
4138,14815,256,0
3350,11985,255,0
3168,11307,254,0
1181,4248,254,0
3846,13798,254,0
2206,7922,254,0
1708,6110,254,0
406,1476,252,0
1407,5092,251,0
661,2460,250,0
3894,13941,250,0
1169,4219,249,0
2783,9954,248,0
3038,10854,247,0
3563,12811,246,0
2912,10426,245,0
434,1582,245,0
1474,5333,244,0
31,97,244,0
516,1854,244,0
1525,5518,244,0
2289,8226,242,0
3529,12667,242,0
1341,4877,242,0
2399,8637,242,0
4236,15177,242,0
3604,12937,241,0
2656,9518,240,0
4405,15800,239,0
3649,13100,238,0
4367,15657,237,0
1577,5710,237,0
2794,9991,236,0
718,2640,236,0
3100,11080,236,0
1886,6735,235,0
3081,11005,235,0
3403,12188,233,0
679,2528,232,0
3331,11909,232,0
882,3225,231,0
2377,8569,231,0
3900,13963,231,0
1452,5245,231,0
2152,7691,230,0
3153,11254,229,0
1660,5952,229,0
3841,13774,227,0
1920,6872,227,0
2057,7370,226,0
1768,6302,225,0
2014,7221,225,0
3079,10996,224,0
3587,12902,223,0
377,1336,223,0
1336,4867,222,0
2708,9702,222,0
4893,17591,222,0
1974,7072,222,0
2911,10423,222,0
3557,12798,221,0
2791,9981,221,0
3597,12926,220,0
4382,15736,220,0
4572,16412,220,0
2576,9224,219,0
1563,5667,219,0
1063,3826,219,0
4228,15132,218,0
685,2548,218,0
4885,17559,218,0
2198,7892,218,0
1340,4876,217,0
457,1646,217,0
4794,17219,216,0
1919,6868,215,0
3053,10890,215,0
1508,5462,214,0
4860,17480,213,0
1235,4496,211,0
1524,5516,211,0
3314,11846,210,0
2370,8545,210,0
3608,12945,210,0
623,2284,210,0
4440,15945,209,0
3735,13409,209,0
4071,14568,209,0
973,3523,209,0
3154,11256,209,1
215,752,208,1
4361,15627,207,1
2937,10503,207,1
1750,6237,207,1
4581,16445,207,1
1913,6849,206,1
1696,6085,206,1
4866,17491,205,1
4896,17603,205,1
2650,9505,204,1
2544,9136,204,1
881,3223,203,1
828,3047,203,1
1291,4685,202,1
4151,14862,202,1
4658,16713,202,1
2693,9654,202,1
743,2735,201,1
2907,10413,201,1
2066,7391,199,1
927,3379,199,1
55,166,199,1
1972,7064,199,1
563,2040,198,1
1902,6804,198,1
1754,6251,198,1
3113,11123,197,1
4019,14376,197,1
3938,14111,196,1
3890,13927,195,1
4886,17563,195,1
1078,3870,195,1
4251,15223,195,1
2755,9856,194,1
2266,8141,194,1
3776,13556,194,1
1243,4517,194,1
3450,12378,193,1
561,2037,192,1
4111,14709,192,1
319,1104,190,1
1630,5856,188,1
4319,15443,188,1
3616,12970,188,1
4128,14779,188,1
2400,8641,187,1
3624,13002,186,1
2720,9729,185,1
1172,4225,184,1
4394,15774,184,1
2703,9690,183,1
189,631,182,1
4113,14723,182,1
4603,16525,180,1
1119,4012,180,1
914,3342,180,1
689,2558,179,1
1938,6942,179,1
3907,13990,179,1
3394,12145,178,1
1274,4628,178,1
2214,7942,178,1
3473,12446,178,1
4353,15594,178,1
51,156,177,1
480,1743,177,1
2257,8101,176,1
1055,3801,176,1
3643,13077,176,1
4917,17681,175,1
4680,16790,175,1
2973,10622,174,1
186,621,174,1
2595,9295,174,1
2277,8189,174,1
2195,7886,174,1
2601,9326,173,1
3860,13836,172,1
700,2595,170,1
506,1819,169,1
2711,9712,169,1
720,2643,169,1
3448,12376,168,1
2375,8563,168,1
2077,7434,168,1
1673,6003,167,1
4890,17578,167,1
4135,14806,167,1
4730,16995,165,1
691,2566,165,1
3928,14074,165,1
1423,5149,165,1
3965,14210,164,1
1053,3796,164,1
694,2572,164,1
4448,15968,164,1
4050,14475,164,1
4000,14320,163,1
2828,10111,163,1
5,17,163,1
838,3082,163,1
3622,12997,162,1
3980,14253,161,1
291,1012,161,1
4921,17687,161,1
1858,6632,160,1
316,1094,159,1
2378,8571,159,1
1749,6234,159,1
2231,8011,158,1
4526,16241,158,1
958,3487,157,1
2272,8174,157,1
3802,13634,157,1
1328,4843,157,1
4098,14654,156,1
3315,11848,156,1
4462,16030,155,1
2954,10560,154,1
1040,3758,154,1
2166,7756,154,1
211,734,154,1
1851,6609,153,1
784,2897,153,1
737,2705,152,1
273,954,152,1
967,3506,151,1
1465,5296,151,1
1394,5041,151,1
2609,9355,151,1
4779,17165,151,1
2535,9109,150,1
4875,17539,150,1
3290,11739,150,1
2660,9539,149,1
2942,10527,149,1
3068,10944,149,1
2865,10239,148,1
865,3174,148,1
2819,10084,148,1
4180,14973,148,1
3685,13248,148,1
2505,9005,147,1
3270,11678,146,1
2657,9532,145,1
936,3423,145,1
4508,16171,144,1
2888,10345,144,1
4746,17036,144,1
4326,15481,144,1
3337,11935,144,1
4883,17555,143,1
2369,8541,143,1
980,3542,143,1
621,2269,142,1
972,3521,142,1
4240,15183,142,1
1755,6254,141,1
3291,11740,141,1
4288,15336,141,1
3130,11176,141,1
3040,10860,140,1
2976,10633,140,1
2160,7728,140,1
4633,16616,140,1
798,2944,140,1
990,3573,139,1
2873,10278,138,1
1560,5663,138,1
4463,16033,138,1
2216,7952,137,1
3826,13702,137,1
4830,17397,135,1
152,517,135,1
4038,14431,135,1
1693,6072,135,1
2078,7436,135,1
2363,8511,135,1
198,677,134,1
3221,11526,134,1
4903,17628,134,1
3946,14135,134,1
4140,14820,133,1
3708,13326,133,1
1137,4069,131,1
503,1816,131,1
3562,12810,131,1
14,46,131,1
44,138,131,1
2607,9350,130,1
2433,8752,130,1
288,1001,130,1
649,2423,130,1
3690,13270,130,1
75,248,129,1
57,171,129,1
4423,15876,129,1
1728,6180,129,1
686,2551,128,1
1258,4557,127,1
3541,12721,127,1
157,534,127,1
2807,10038,126,1
4933,17730,126,1
3875,13886,126,1
842,3093,126,1
540,1947,125,1
83,268,125,1
4823,17341,125,1
308,1075,125,1
388,1409,125,1
3551,12758,125,1
3903,13973,124,1
3531,12679,124,1
194,652,124,1
2103,7533,123,1
1822,6498,123,1
1516,5488,123,1
3656,13123,123,1
4097,14653,123,1
1884,6729,123,1
4836,17411,123,1
1965,7034,122,1
1402,5076,122,1
443,1602,121,1
1781,6357,121,1
4114,14727,121,1
1265,4591,121,1
4152,14865,121,1
4377,15699,121,1
4699,16860,121,1
1316,4777,121,1
2956,10568,121,1
3855,13824,121,1
4049,14473,120,1
1719,6145,120,1
1239,4508,120,1
4002,14335,120,1
3065,10935,120,1
3673,13177,119,1
386,1399,119,1
2876,10293,119,1
3504,12562,119,1
3383,12110,118,1
2722,9731,118,1
1135,4060,118,1
1845,6587,118,1
599,2199,118,1
2286,8215,116,1
738,2711,116,1
1287,4671,116,1
2737,9780,115,1
3092,11050,115,1
996,3593,115,1
4575,16418,115,1
1784,6374,115,1
2662,9545,114,1
2632,9440,114,1
4308,15404,114,1
611,2235,114,1
724,2662,114,1
332,1151,113,1
3348,11977,113,1
2364,8518,113,1
3145,11226,113,1
3021,10786,113,1
1279,4636,112,1
778,2873,112,1
2808,10041,112,1
4052,14483,112,1
1457,5254,112,1
4363,15634,112,1
517,1866,112,1
3984,14259,112,1
2851,10198,112,1
4410,15814,112,1
2254,8098,111,1
3546,12739,111,1
3203,11435,111,1
2878,10300,110,1
596,2189,110,1
2787,9966,110,1
4406,15802,110,1
420,1521,110,1
1284,4663,109,1
3187,11384,109,1
1565,5672,109,1
4822,17338,109,1
1412,5105,109,1
4761,17079,108,1
2179,7809,108,1
497,1795,108,1
3619,12988,107,1
2671,9582,107,1
4719,16937,107,1
495,1788,106,1
2469,8877,106,1
1724,6161,106,1
3361,12032,105,1
3474,12459,105,1
4202,15039,105,1
640,2375,105,1
4006,14351,105,1
3478,12478,105,1
80,262,104,1
1477,5342,104,1
4798,17229,104,1
258,883,104,1
991,3581,103,1
3343,11965,103,1
924,3369,103,1
2109,7547,103,1
1150,4136,102,1
1085,3887,102,1
156,533,101,1
4320,15447,101,1
2144,7673,101,1
840,3086,101,1
4608,16548,101,1
423,1528,100,1
3071,10962,100,1
3241,11590,100,1
2177,7807,100,1
2991,10680,100,1
4174,14936,100,1
1986,7117,99,1
4711,16908,99,1
1912,6846,99,1
4192,15010,99,1
1061,3816,99,1
2314,8336,98,1
1885,6731,98,1
1776,6334,98,1
3166,11292,98,1
605,2217,98,1
3967,14214,98,1
3458,12397,98,1
3298,11765,97,1
989,3567,97,1
2408,8678,97,1
2757,9862,97,1
1047,3777,97,1
966,3505,97,1
2155,7704,96,1
1850,6602,96,1
4333,15511,96,1
2279,8191,95,1
736,2701,95,1
4905,17631,95,1
4184,14983,95,1
2011,7209,94,1
1678,6018,94,1
1741,6220,94,1
191,638,94,1
3700,13301,94,1
2025,7257,94,1
1613,5812,94,1
3107,11101,94,1
2932,10486,93,1
4443,15949,93,1
597,2195,93,1
1958,7024,93,1
3905,13979,93,1
70,213,93,1
2360,8497,93,1
678,2525,93,1
462,1666,93,1
3497,12540,92,1
3705,13317,92,1
4198,15031,92,1
4626,16607,92,1
1082,3880,92,1
863,3170,92,1
2460,8848,92,1
4450,15985,92,1
1538,5583,91,1
1380,5005,91,1
170,569,91,1
1743,6222,91,1
1335,4865,91,1
2299,8280,90,1
1548,5629,90,1
3423,12260,90,1
4143,14828,90,1
59,181,90,1
2804,10032,90,1
3506,12578,90,1
2709,9705,89,1
2906,10407,89,1
803,2974,89,1
1298,4709,89,1
421,1525,89,1
2500,8987,89,1
1674,6005,89,1
1138,4072,89,1
1796,6416,89,1
2100,7524,88,1
2513,9028,88,1
2831,10125,88,1
498,1800,88,1
3759,13500,88,1
3388,12124,87,1
496,1794,87,1
4844,17434,87,1
998,3599,87,1
2197,7890,87,1
1859,6635,86,1
4902,17624,86,1
68,209,86,1
3519,12626,86,1
4282,15315,86,1
104,345,86,1
1288,4680,86,1
346,1221,86,1
2528,9092,85,1
3373,12072,85,1
4531,16264,85,1
4199,15033,85,1
2714,9717,85,1
1786,6378,85,1
214,749,85,1
3849,13806,85,1
4075,14579,85,1
268,942,85,1
3249,11614,85,1
3160,11276,84,1
4744,17026,84,1
4231,15154,84,1
1346,4886,84,1
3766,13523,84,1
2622,9396,84,1
334,1160,84,1
3347,11975,84,1
1584,5731,83,1
565,2051,83,1
245,840,83,1
992,3583,83,1
3931,14086,83,1
4386,15750,83,1
2797,10004,83,1
1059,3810,83,1
3537,12714,83,1
3308,11822,83,1
2661,9540,83,1
2548,9150,83,1
1928,6912,82,1
4045,14463,82,1
1835,6545,82,1
3451,12381,82,1
1177,4237,82,1
2774,9927,82,1
1853,6612,81,1
1016,3672,81,1
2773,9926,81,1
4241,15186,81,1
4022,14381,81,1
908,3321,81,1
3593,12919,81,1
1275,4630,81,1
2395,8623,81,1
110,362,81,1
4614,16564,80,1
1232,4485,80,1
1733,6193,80,1
2578,9231,80,1
236,822,80,1
1468,5308,79,1
2524,9072,79,1
4807,17280,79,1
4636,16637,78,1
4555,16362,78,1
827,3043,78,1
1110,3975,78,1
4827,17379,78,1
4525,16237,78,1
3559,12804,78,1
2351,8469,77,1
3780,13572,77,1
324,1126,77,1
642,2394,77,1
1861,6640,77,1
4563,16387,77,1
86,281,76,1
3498,12542,76,1
4023,14383,76,1
3049,10881,76,1
4316,15437,76,1
3085,11029,76,1
581,2113,76,1
896,3268,76,1
4644,16676,76,1
2924,10460,75,1
3701,13311,75,1
4925,17693,75,1
3223,11531,75,1
3510,12596,75,1
341,1201,75,1
460,1660,75,1
36,104,75,1
2629,9418,75,1
3611,12958,75,1
4502,16143,74,1
1554,5647,74,1
3571,12837,74,1
1410,5097,74,1
1028,3710,74,1
1934,6935,74,1
2786,9964,73,1
1008,3640,73,1
4736,17010,73,1
3696,13288,73,1
1510,5468,73,1
16,57,72,1
4751,17050,72,1
3958,14188,72,1
3313,11843,72,1
2219,7960,72,1
3274,11690,72,1
3224,11533,72,1
1281,4644,72,1
658,2448,72,1
932,3398,72,1
843,3095,72,1
2447,8801,71,1
3737,13417,71,1
3805,13644,71,1
3528,12660,71,1
3511,12598,71,1
2824,10103,71,1
3216,11503,71,1
284,990,71,1
3998,14315,71,1
1113,3990,71,1
4586,16463,70,1
240,832,70,1
2425,8719,70,1
4802,17264,70,1
2044,7322,70,1
2036,7289,70,1
3910,14003,70,1
987,3565,70,1
2849,10185,70,1
1165,4201,69,1
528,1912,69,1
1759,6264,69,1
4206,15045,69,1
2236,8037,69,1
4668,16756,69,1
2228,7993,69,1
1263,4587,68,1
4541,16293,68,1
3628,13008,68,1
4738,17014,68,1
4758,17070,68,1
4620,16593,68,1
2365,8522,68,1
4693,16834,68,1
4430,15913,68,1
2768,9908,67,1
4799,17230,67,1
3916,14013,67,1
2181,7812,67,1
712,2622,67,1
108,358,67,1
2672,9590,67,1
3610,12951,67,1
3097,11061,66,1
380,1363,66,1
2379,8572,66,1
2594,9294,66,1
404,1471,66,1
4913,17661,66,1
2213,7939,66,1
3414,12226,66,1
4839,17418,66,1
4303,15392,66,1
3173,11326,66,1
2061,7378,65,1
381,1373,65,1
1447,5235,65,1
280,964,65,1
233,807,65,1
4576,16419,65,1
2459,8845,65,1
2352,8470,65,1
4279,15305,65,1
2278,8190,65,1
4814,17311,65,1
4122,14754,65,1
4124,14760,64,1
2372,8549,64,1
4134,14801,64,1
3427,12274,64,1
2419,8705,64,1
502,1814,64,1
486,1759,64,1
953,3475,64,1
2948,10545,63,1
807,2988,63,1
3850,13814,63,1
4074,14578,63,1
2193,7883,63,1
64,188,63,1
2442,8781,63,1
2532,9101,63,1
4273,15289,63,1
2800,10018,63,1
2840,10157,63,1
4657,16709,63,1
3747,13441,62,1
1765,6291,62,1
3761,13506,62,1
4104,14685,62,1
4580,16444,62,1
3096,11060,62,1
721,2651,62,1
4132,14795,62,1
961,3491,62,1
4930,17716,61,1
655,2440,61,1
1300,4719,61,1
439,1589,61,1
3232,11552,61,1
2067,7393,61,1
1178,4238,61,1
2318,8344,61,1
962,3495,61,1
201,693,61,1
2143,7667,60,1
2712,9713,60,1
3674,13184,60,1
3799,13625,60,1
1947,6982,60,1
1471,5328,60,1
2127,7595,60,1
727,2668,60,1
4442,15947,60,1
1975,7074,60,1
4846,17437,60,1
2968,10609,60,1
3499,12543,60,1
43,133,60,1
2237,8041,59,1
1940,6948,59,1
4854,17469,59,1
4162,14883,59,1
1829,6529,59,1
1495,5417,59,1
3273,11688,59,1
2075,7420,59,1
4348,15570,59,1
4110,14704,59,1
4264,15267,59,1
3487,12509,58,1
2086,7462,58,1
3880,13895,58,1
2122,7572,58,1
583,2132,58,1
4783,17178,58,1
2074,7418,58,1
3293,11751,58,1
1704,6102,58,1
2992,10682,58,1
3057,10903,58,1
3084,11026,57,1
3060,10910,57,1
4817,17320,57,1
178,588,57,1
3349,11982,57,1
2751,9826,57,1
4637,16643,57,1
3195,11413,57,1
1066,3833,57,1
4393,15772,57,1
3770,13539,57,1
3292,11750,57,1
1476,5341,57,1
4593,16476,57,1
122,401,57,1
1094,3907,57,1
4831,17401,57,1
1619,5823,57,1
259,895,57,1
1645,5903,57,1
1641,5888,57,1
2575,9218,56,1
1230,4478,56,1
2397,8630,56,1
2383,8591,56,1
1501,5432,56,1
4490,16103,56,1
585,2137,56,1
901,3301,56,1
2717,9725,56,1
1248,4528,56,1
4422,15867,56,1
3190,11391,56,1
1942,6957,55,1
4125,14764,55,1
2390,8605,55,1
3921,14021,55,1
4570,16400,55,1
2987,10669,55,1
313,1087,55,1
4861,17481,55,1
3730,13370,55,1
3852,13819,55,1
523,1882,55,1
3782,13577,54,1
874,3210,54,1
2076,7426,54,1
445,1607,54,1
1700,6091,54,1
4690,16822,54,1
2859,10217,54,1
3518,12620,54,1
4041,14456,54,1
1219,4411,54,1
3573,12842,54,1
4205,15044,54,1
4179,14972,54,1
4010,14359,54,1
1029,3714,54,1
3460,12401,54,1
2221,7963,54,1
985,3559,54,1
4535,16279,54,1
2407,8675,54,1
3432,12304,53,1
3972,14226,53,1
3516,12618,53,1
4566,16393,53,1
3602,12934,53,1
3703,13313,53,1
2843,10165,53,1
909,3324,53,1
1526,5521,53,1
3215,11502,53,1
510,1834,53,1
4546,16320,53,1
63,185,53,1
2124,7584,52,1
2618,9387,52,1
512,1839,52,1
2616,9382,52,1
2043,7321,52,1
1157,4179,52,1
4275,15294,52,1
1652,5917,52,1
1437,5199,52,1
4617,16579,52,1
592,2181,52,1
3923,14040,52,1
2434,8755,52,1
4569,16397,52,1
3764,13513,52,1
1703,6098,52,1
3786,13586,52,1
3389,12126,51,1
2009,7197,51,1
3939,14115,51,1
4752,17052,51,1
4324,15475,51,1
4200,15035,51,1
3106,11092,51,1
1045,3773,51,1
4137,14810,50,1
4653,16702,50,1
789,2912,50,1
203,707,50,1
2102,7532,50,1
1485,5384,50,1
206,717,50,1
3596,12925,50,1
2806,10037,50,1
173,582,49,1
136,454,49,1
1444,5221,49,1
3576,12851,49,1
4755,17062,49,1
145,504,49,1
3820,13683,49,1
3983,14258,49,1
2832,10131,49,1
757,2778,49,1
2537,9113,49,1
880,3221,49,1
3848,13805,49,1
2593,9289,49,1
4564,16388,49,1
4609,16550,49,1
2304,8298,49,1
2978,10645,49,1
1807,6456,48,1
3804,13640,48,1
1876,6701,48,1
3794,13612,48,1
2439,8767,48,1
2592,9280,48,1
3219,11518,48,1
2520,9058,48,1
3157,11267,48,1
3757,13489,48,1
3912,14005,48,1
1720,6147,48,1
1672,6001,48,1
744,2738,48,1
38,110,48,1
4489,16094,48,1
134,452,48,1
4832,17403,48,1
627,2310,48,1
1409,5096,48,1
4741,17020,48,1
153,518,48,1
419,1514,48,1
3669,13164,47,1
1867,6665,47,1
1789,6387,47,1
11,32,47,1
819,3023,47,1
4323,15460,47,1
269,943,47,1
846,3107,47,1
4937,17740,47,1
2982,10661,47,1
2335,8400,47,1
702,2599,47,1
1408,5094,47,1
3240,11588,47,1
2250,8091,47,1
221,774,47,1
353,1238,47,1
2259,8111,47,1
2820,10090,47,1
2016,7224,46,1
550,1994,46,1
4864,17487,46,1
4277,15300,46,1
2200,7898,46,1
2398,8634,46,1
347,1222,46,1
3271,11681,46,1
2739,9796,46,1
907,3314,46,1
969,3509,45,1
3491,12527,45,1
530,1915,45,1
3109,11103,45,1
4133,14799,45,1
4853,17464,45,1
2573,9210,45,1
2902,10393,45,1
801,2967,45,1
2416,8698,45,1
753,2754,45,1
4096,14643,45,1
1102,3934,45,1
1999,7168,45,1
22,68,45,1
1618,5821,45,1
2291,8241,45,1
2327,8377,45,1
3465,12423,45,1
4878,17546,45,1
734,2687,44,1
3501,12545,44,1
3041,10861,44,1
3991,14289,44,1
3929,14075,44,1
3657,13125,44,1
3210,11467,44,1
4539,16288,44,1
2927,10467,44,1
4789,17203,44,1
278,961,44,1
2135,7628,44,1
4599,16502,44,1
4756,17066,44,1
1324,4830,44,1
2758,9864,44,1
4404,15797,44,1
4598,16497,44,1
888,3237,43,1
2781,9947,43,1
4447,15962,43,1
3637,13065,43,1
1551,5639,43,1
2920,10449,43,1
1688,6057,43,1
1569,5683,43,1
3827,13714,43,1
1347,4887,43,1
3294,11755,43,1
3665,13149,43,1
2240,8052,43,1
4046,14464,43,1
632,2335,43,1
781,2884,43,1
587,2144,43,1
812,3000,43,1
4284,15322,43,1
3957,14183,43,1
3988,14272,43,1
3121,11140,42,1
1488,5395,42,1
362,1278,42,1
3755,13483,42,1
2518,9055,42,1
3485,12503,42,1
4505,16162,42,1
41,125,42,1
1019,3686,42,1
3545,12738,42,1
535,1941,42,1
2630,9421,42,1
788,2908,42,1
2071,7409,42,1
1852,6610,42,1
1534,5559,42,1
1575,5707,42,1
3955,14173,42,1
299,1039,42,1
2771,9923,42,1
3636,13062,41,1
2297,8278,41,1
2138,7646,41,1
647,2420,41,1
622,2277,41,1
4664,16731,41,1
1774,6326,41,1
1022,3696,41,1
1207,4370,41,1
4215,15091,41,1
1359,4930,41,1
4826,17349,41,1
141,492,41,1
1200,4320,41,1
2107,7542,41,1
3969,14222,41,1
3379,12101,41,1
2654,9513,40,1
3540,12720,40,1
256,880,40,1
799,2950,40,1
2038,7298,40,1
179,595,40,1
3115,11125,40,1
4867,17495,40,1
2619,9388,40,1
1992,7139,40,1
1013,3662,40,1
690,2559,40,1
3455,12393,40,1
1,3,40,1
3582,12878,40,1
103,341,40,1
3601,12933,40,1
2112,7552,40,1
3089,11043,39,1
2422,8709,39,1
1086,3889,39,1
3235,11563,39,1
3064,10925,39,1
1726,6171,39,1
3812,13662,39,1
4840,17420,39,1
4641,16658,39,1
4446,15957,39,1
4558,16376,39,1
4728,16982,39,1
1702,6093,39,1
2085,7457,39,1
1210,4385,39,1
2170,7772,39,1
2079,7442,39,1
487,1766,39,1
312,1086,38,1
1848,6591,38,1
4078,14587,38,1
3638,13068,38,1
1187,4283,38,1
4821,17329,38,1
2922,10453,38,1
176,585,38,1
3837,13742,38,1
1628,5853,38,1
4516,16205,38,1
2194,7884,38,1
2273,8175,38,1
3009,10745,38,1
218,761,38,1
3693,13282,38,1
1108,3965,37,1
1276,4631,37,1
903,3306,37,1
1887,6744,37,1
1064,3828,37,1
1190,4291,37,1
1659,5945,37,1
974,3524,37,1
1231,4482,37,1
1202,4328,37,1
2173,7797,37,1
4379,15710,37,1
1636,5876,37,1
4263,15263,37,1
3146,11228,37,1
4278,15304,37,1
531,1922,37,1
3069,10946,37,1
3061,10911,37,1
2603,9334,37,1
248,849,37,1
3411,12222,37,1
4677,16786,37,1
2829,10121,37,1
1775,6330,37,1
1656,5937,36,1
1118,4010,36,1
1680,6024,36,1
2670,9577,36,1
557,2020,36,1
3135,11187,36,1
1573,5702,36,1
4009,14356,36,1
2315,8338,36,1
3194,11412,36,1
4551,16340,36,1
763,2801,36,1
3440,12344,36,1
677,2510,36,1
139,476,36,1
3683,13240,35,1
126,429,35,1
3459,12398,35,1
912,3334,35,1
919,3354,35,1
522,1878,35,1
1052,3794,35,1
4166,14905,35,1
3444,12361,35,1
4722,16956,35,1
2244,8075,35,1
3318,11854,35,1
3872,13882,35,1
3025,10797,35,1
1820,6494,35,1
750,2749,35,1
591,2180,35,1
3466,12425,34,1
2784,9955,34,1
4120,14741,34,1
3114,11124,34,1
251,871,34,1
662,2463,34,1
4016,14372,34,1
2881,10321,34,1
3811,13660,34,1
1398,5066,34,1
461,1664,34,1
3204,11440,34,1
2306,8307,34,1
624,2301,34,1
809,2994,34,1
3244,11597,34,1
3676,13206,34,1
2275,8180,34,1
2178,7808,34,1
1259,4558,34,1
3238,11577,34,1
2589,9271,34,1
4375,15685,34,1
883,3227,34,1
3959,14191,34,1
4694,16841,34,1
1491,5407,34,1
3977,14249,33,1
272,949,33,1
1520,5497,33,1
1634,5871,33,1
2936,10501,33,1
2226,7986,33,1
2435,8756,33,1
2336,8404,33,1
651,2431,33,1
1186,4268,33,1
4427,15891,33,1
4256,15242,33,1
1097,3911,33,1
4271,15286,33,1
1906,6827,33,1
499,1802,33,1
4506,16163,32,1
3390,12127,32,1
1827,6519,32,1
1401,5072,32,1
3317,11852,32,1
1142,4097,32,1
4435,15932,32,1
2883,10328,32,1
2072,7414,32,1
3801,13633,32,1
3672,13171,32,1
4582,16449,32,1
4723,16960,32,1
2599,9317,32,1
2815,10063,32,1
925,3374,32,1
3870,13876,32,1
493,1778,32,1
333,1158,32,1
868,3196,32,1
296,1031,32,1
3968,14217,32,1
3008,10741,32,1
2034,7286,32,1
3325,11884,31,1
4099,14656,31,1
3798,13620,31,1
2591,9278,31,1
8,25,31,1
3842,13775,31,1
3897,13951,31,1
77,251,31,1
3840,13765,31,1
209,724,31,1
453,1631,31,1
491,1775,31,1
4061,14511,31,1
2032,7278,31,1
4835,17410,31,1
947,3461,31,1
1977,7082,31,1
3158,11268,31,1
2945,10537,31,1
930,3390,31,1
1048,3778,31,1
4788,17199,31,1
409,1485,31,1
1070,3847,31,1
412,1488,31,1
4845,17436,31,1
465,1678,31,1
2727,9752,31,1
2542,9133,31,1
2472,8885,31,1
1549,5632,31,1
4136,14807,31,1
1557,5653,31,1
1266,4592,31,1
1234,4489,31,1
4400,15791,31,1
1253,4543,31,1
4250,15221,31,1
1406,5090,31,1
3011,10757,30,1
3198,11425,30,1
2864,10234,30,1
2464,8860,30,1
3377,12088,30,1
98,325,30,1
1352,4898,30,1
2319,8345,30,1
4345,15565,30,1
3133,11180,30,1
1451,5244,30,1
4828,17380,30,1
817,3020,30,1
3155,11259,30,1
1564,5670,30,1
1171,4224,30,1
483,1749,29,1
3713,13336,29,1
761,2794,29,1
253,873,29,1
2184,7831,29,1
3951,14150,29,1
2581,9246,29,1
1646,5907,29,1
2635,9445,29,1
3027,10802,29,1
4884,17557,29,1
733,2686,29,1
243,837,29,1
2844,10171,29,1
1685,6051,29,1
4269,15277,29,1
3066,10938,29,1
2761,9873,29,1
1865,6659,29,1
2412,8694,29,1
2210,7934,29,1
4879,17547,29,1
1535,5570,29,1
4858,17475,29,1
4786,17190,28,1
1923,6883,28,1
3808,13650,28,1
847,3116,28,1
1846,6588,28,1
2625,9406,28,1
3211,11472,28,1
4150,14859,28,1
105,350,28,1
294,1017,28,1
1184,4263,28,1
4591,16470,28,1
2570,9198,28,1
1426,5164,28,1
4057,14506,28,1
2930,10476,28,1
3297,11762,28,1
3051,10887,28,1
4347,15569,28,1
415,1499,28,1
3629,13013,28,1
2052,7344,28,1
981,3546,28,1
2411,8688,28,1
4877,17543,28,1
1579,5716,28,1
1766,6292,28,1
2772,9925,28,1
1831,6535,28,1
1212,4394,28,1
1158,4181,28,1
4385,15749,28,1
229,799,28,1
4720,16942,28,1
629,2317,27,1
4811,17290,27,1
3287,11727,27,1
2391,8609,27,1
4255,15239,27,1
2253,8096,27,1
1794,6400,27,1
2964,10592,27,1
625,2306,27,1
3156,11261,27,1
192,641,27,1
1761,6275,27,1
3994,14298,27,1
3074,10975,27,1
3319,11857,27,1
1982,7102,27,1
866,3176,27,1
4307,15402,27,1
401,1460,27,1
4762,17083,27,1
1302,4725,27,1
3784,13581,27,1
337,1167,26,1
2092,7499,26,1
2069,7400,26,1
3183,11363,26,1
4374,15683,26,1
2604,9337,26,1
876,3215,26,1
4183,14981,26,1
3671,13167,26,1
3704,13315,26,1
3914,14011,26,1
3374,12076,26,1
4141,14823,26,1
1956,7018,26,1
554,2006,26,1
4496,16123,26,1
1214,4398,26,1
3851,13818,26,1
2454,8829,26,1
2421,8707,26,1
1257,4552,26,1
2324,8367,26,1
1479,5359,26,1
207,719,26,1
217,755,26,1
2514,9038,26,1
4437,15934,26,1
1139,4074,26,1
199,685,26,1
1771,6309,25,1
2680,9606,25,1
4842,17425,25,1
3935,14105,25,1
2605,9339,25,1
26,81,25,1
4613,16563,25,1
558,2022,25,1
4025,14388,25,1
1446,5234,25,1
3517,12619,25,1
2696,9666,25,1
2921,10450,25,1
3295,11759,25,1
303,1061,25,1
942,3432,25,1
4737,17012,25,1
4920,17685,25,1
4414,15827,25,1
4341,15547,25,1
2564,9180,25,1
2065,7390,25,1
3952,14151,25,1
3832,13723,24,1
1687,6053,24,1
3927,14073,24,1
2116,7560,24,1
4547,16323,24,1
2667,9569,24,1
2814,10057,24,1
2874,10287,24,1
1294,4692,24,1
4315,15426,24,1
1130,4045,24,1
4838,17417,24,1
1189,4288,24,1
4087,14619,24,1
3250,11618,24,1
82,267,24,1
3076,10984,24,1
3686,13258,24,1
2679,9605,24,1
1580,5718,24,1
675,2506,24,1
2836,10145,24,1
2161,7737,24,1
601,2203,24,1
1583,5724,24,1
3635,13047,24,1
193,642,24,1
4493,16114,24,1
1245,4521,24,1
4029,14397,24,1
2248,8084,24,1
2475,8892,24,1
4873,17524,24,1
853,3134,24,1
2234,8029,24,1
4371,15672,24,1
552,1999,24,1
2104,7536,24,1
1664,5968,24,1
3004,10726,24,1
714,2628,24,1
2931,10485,24,1
4249,15219,24,1
3392,12141,24,1
2822,10092,23,1
820,3025,23,1
1268,4602,23,1
6,19,23,1
2202,7907,23,1
1767,6296,23,1
3070,10952,23,1
3892,13933,23,1
3678,13212,23,1
2555,9165,23,1
3126,11156,23,1
1817,6484,23,1
1642,5891,23,1
4380,15722,23,1
4429,15911,23,1
4306,15400,23,1
2158,7724,23,1
3152,11252,23,1
1182,4259,23,1
2767,9899,23,1
2894,10365,23,1
1595,5767,23,1
4495,16119,23,1
3774,13550,23,1
56,168,23,1
3507,12583,23,1
4812,17294,23,1
2750,9823,23,1
4692,16831,23,1
1799,6429,23,1
2087,7464,23,1
4734,17005,22,1
2413,8695,22,1
505,1818,22,1
4627,16608,22,1
2344,8442,22,1
3862,13846,22,1
3861,13838,22,1
2798,10015,22,1
131,446,22,1
3866,13859,22,1
3184,11364,22,1
1195,4308,22,1
2919,10445,22,1
4218,15102,22,1
4726,16975,22,1
1955,7017,22,1
3884,13908,22,1
1036,3747,22,1
4028,14395,22,1
3778,13566,22,1
1663,5962,22,1
3536,12711,22,1
1356,4913,22,1
4466,16039,22,1
4914,17664,22,1
3762,13508,22,1
2220,7962,22,1
3357,12005,22,1
4819,17322,22,1
1894,6769,22,1
579,2108,22,1
3010,10746,22,1
3574,12844,22,1
2163,7748,22,1
4769,17107,22,1
3680,13229,22,1
4780,17167,22,1
2823,10099,22,1
4453,15998,22,1
4848,17443,22,1
3017,10779,22,1
3585,12900,22,1
3584,12897,22,1
1969,7053,22,1
1585,5736,21,1
2083,7455,21,1
1588,5747,21,1
824,3039,21,1
1644,5898,21,1
3831,13721,21,1
513,1842,21,1
3209,11461,21,1
860,3163,21,1
2269,8167,21,1
911,3332,21,1
541,1948,21,1
4144,14835,21,1
1228,4461,21,1
1623,5831,21,1
2473,8886,21,1
4716,16927,21,1
670,2486,21,1
3942,14122,21,1
3251,11623,21,1
4568,16396,21,1
4623,16600,21,1
242,836,21,1
3544,12730,21,1
398,1438,21,1
2869,10259,21,1
4258,15250,21,1
4872,17522,21,1
450,1616,21,1
1801,6440,21,1
4938,17742,21,1
3475,12462,21,1
387,1402,21,1
1721,6149,21,1
1208,4378,21,1
1072,3852,21,1
2993,10684,21,1
4753,17054,21,1
4805,17271,21,1
1104,3943,21,1
4537,16284,21,1
1553,5645,21,1
321,1118,21,1
1068,3838,21,1
3353,11993,21,1
1929,6919,21,1
2941,10518,21,1
1522,5511,21,1
977,3534,21,1
639,2368,20,1
890,3240,20,1
3605,12938,20,1
1162,4189,20,1
42,131,20,1
394,1424,20,1
4515,16204,20,1
652,2432,20,1
1198,4317,20,1
2150,7688,20,1
2172,7793,20,1
1995,7147,20,1
339,1182,20,1
2207,7924,20,1
4491,16104,20,1
326,1128,20,1
2227,7990,20,1
2230,8010,20,1
4417,15840,20,1
3722,13358,20,1
4313,15423,20,1
3913,14006,20,1
295,1029,20,1
2875,10289,20,1
542,1967,20,1
4203,15040,20,1
2953,10558,20,1
4833,17404,20,1
1917,6861,20,1
458,1647,20,1
3283,11710,20,1
3869,13873,20,1
1125,4029,20,1
3134,11185,20,1
4086,14616,20,1
1404,5080,20,1
477,1729,20,1
3111,11107,20,1
716,2633,20,1
175,584,20,1
1462,5272,20,1
3609,12946,20,1
3185,11370,20,1
3119,11136,20,1
4882,17552,20,1
2064,7387,20,1
76,250,20,1
4542,16294,20,1
719,2641,19,1
2332,8392,19,1
613,2244,19,1
4175,14938,19,1
609,2229,19,1
4504,16157,19,1
4213,15086,19,1
4390,15757,19,1
4346,15566,19,1
3727,13364,19,1
4299,15372,19,1
3564,12813,19,1
4915,17670,19,1
1074,3859,19,1
4158,14875,19,1
3949,14139,19,1
1746,6230,19,1
1682,6028,19,1
2724,9737,19,1
848,3119,19,1
2463,8855,19,1
2252,8095,19,1
2957,10577,19,1
442,1598,19,1
4910,17658,19,1
2148,7684,19,1
3037,10853,19,1
773,2841,19,1
1984,7104,19,1
3936,14106,19,1
165,555,19,1
1261,4578,19,1
281,967,19,1
2638,9453,19,1
4196,15027,19,1
1723,6160,19,1
4003,14336,19,1
1609,5802,19,1
806,2984,19,1
3919,14017,19,1
3889,13926,19,1
1164,4196,18,1
4486,16087,18,1
3122,11142,18,1
261,911,18,1
2451,8812,18,1
1306,4733,18,1
1262,4585,18,1
241,835,18,1
674,2500,18,1
645,2403,18,1
3316,11849,18,1
277,960,18,1
1290,4684,18,1
2405,8663,18,1
4359,15623,18,1
676,2509,18,1
1289,4681,18,1
628,2315,18,1
1627,5838,18,1
1124,4026,18,1
804,2977,18,1
39,116,18,1
2560,9174,18,1
350,1230,18,1
3172,11322,18,1
2037,7297,18,1
1466,5302,18,1
432,1572,18,1
4760,17077,18,1
2669,9571,18,1
2171,7778,18,1
3675,13189,18,1
4139,14816,18,1
2777,9938,18,1
3606,12939,18,1
4185,14985,18,1
2835,10139,18,1
3599,12929,18,1
3303,11797,18,1
1732,6192,18,1
3175,11336,18,1
1960,7028,18,1
4509,16177,18,1
2196,7887,18,1
3182,11362,18,1
336,1165,18,1
2093,7505,18,1
951,3470,18,1
946,3455,18,1
2208,7929,18,1
232,806,17,1
4296,15353,17,1
1615,5815,17,1
570,2068,17,1
3885,13910,17,1
455,1644,17,1
274,957,17,1
167,566,17,1
4434,15927,17,1
1870,6681,17,1
4825,17348,17,1
470,1691,17,1
2350,8465,17,1
2095,7514,17,1
2106,7539,17,1
2639,9455,17,1
2687,9629,17,1
164,552,17,1
504,1817,17,1
779,2878,17,1
3659,13130,17,1
954,3476,17,1
2698,9668,17,1
3527,12653,17,1
4939,17747,17,1
3963,14208,17,1
4426,15883,17,1
2342,8425,17,1
4260,15252,17,1
4927,17696,17,1
3428,12279,17,1
300,1041,17,1
2568,9187,17,1
4339,15544,17,1
4815,17313,17,1
1083,3882,17,1
3212,11477,17,1
4778,17164,17,1
4577,16427,17,1
2634,9444,17,1
2249,8085,17,1
4039,14435,17,1
4298,15358,17,1
1005,3633,17,1
549,1988,17,1
2975,10630,17,1
2890,10352,17,1
228,796,16,1
448,1613,16,1
4190,14998,16,1
683,2544,16,1
4343,15562,16,1
3550,12757,16,1
2688,9639,16,1
222,777,16,1
3376,12082,16,1
1035,3745,16,1
4335,15517,16,1
4051,14479,16,1
1361,4937,16,1
488,1769,16,1
767,2811,16,1
2752,9831,16,1
577,2098,16,1
3039,10856,16,1
555,2010,16,1
1387,5018,16,1
3083,11020,16,1
2944,10536,16,1
3099,11072,16,1
569,2067,16,1
4244,15203,16,1
1531,5542,16,1
711,2621,16,1
2745,9809,16,1
3633,13043,16,1
4465,16038,16,1
2776,9937,16,1
1293,4688,16,1
4667,16747,16,1
2499,8984,16,1
2489,8951,16,1
2485,8935,16,1
4060,14510,16,1
2262,8121,16,1
4474,16065,16,1
1731,6187,16,1
3886,13912,16,1
120,397,16,1
3421,12252,16,1
4688,16819,16,1
1014,3666,16,1
785,2898,16,1
249,858,16,1
3934,14101,16,1
537,1943,16,1
1844,6575,16,1
2303,8294,16,1
91,298,16,1
428,1550,16,1
1264,4588,16,1
2614,9380,16,1
2623,9397,16,1
2933,10493,15,1
728,2676,15,1
2441,8779,15,1
4874,17532,15,1
3418,12237,15,1
2716,9722,15,1
4235,15165,15,1
1530,5541,15,1
3177,11348,15,1
606,2220,15,1
3048,10879,15,1
4274,15291,15,1
4248,15218,15,1
1594,5766,15,1
290,1005,15,1
142,495,15,1
1416,5113,15,1
4223,15112,15,1
2423,8713,15,1
1559,5662,15,1
4214,15090,15,1
1315,4769,15,1
95,314,15,1
2247,8083,15,1
889,3238,15,1
4011,14361,15,1
2243,8065,15,1
1057,3804,15,1
4468,16045,15,1
4607,16545,15,1
1898,6779,15,1
1863,6650,15,1
920,3357,15,1
2329,8383,15,1
4121,14752,15,1
805,2982,15,1
1049,3783,15,1
2123,7579,15,1
1745,6225,15,1
1424,5158,15,1
1953,7008,15,1
1024,3699,15,1
1146,4116,15,1
1112,3987,15,1
2180,7811,15,1
832,3063,15,1
910,3327,15,1
4413,15824,15,1
4388,15754,15,1
4360,15626,15,1
4031,14401,15,1
4605,16540,15,1
3246,11606,15,1
4923,17690,14,1
3954,14171,14,1
4666,16736,14,1
343,1207,14,1
3586,12901,14,1
4665,16735,14,1
282,983,14,1
1405,5083,14,1
2295,8261,14,1
4372,15675,14,1
118,387,14,1
287,1000,14,1
2321,8355,14,1
1017,3679,14,1
389,1413,14,1
3304,11798,14,1
1517,5489,14,1
4077,14586,14,1
4004,14338,14,1
4145,14843,14,1
4679,16789,14,1
1419,5127,14,1
371,1312,14,1
3768,13528,14,1
3332,11913,14,1
1326,4836,14,1
612,2240,14,1
4292,15343,14,1
1617,5819,14,1
1513,5485,14,1
1439,5203,14,1
1860,6639,14,1
4533,16276,14,1
2997,10697,14,1
3419,12239,14,1
4178,14967,14,1
1413,5107,14,1
1329,4846,14,1
2961,10586,14,1
3712,13334,14,1
1811,6468,14,1
2631,9423,14,1
4919,17684,14,1
2943,10531,14,1
1025,3700,14,1
3480,12495,14,1
1722,6153,14,1
188,628,14,1
1921,6875,14,1
3920,14020,14,1
3242,11591,14,1
3284,11714,14,1
2012,7210,14,1
3843,13780,14,1
4103,14683,14,1
3116,11127,14,1
741,2719,14,1
508,1828,14,1
1226,4456,14,1
1562,5666,14,1
1309,4748,14,1
4851,17459,14,1
2334,8396,14,1
1806,6455,14,1
1286,4667,14,1
566,2062,14,1
1080,3876,13,1
4037,14422,13,1
4209,15052,13,1
2917,10438,13,1
1031,3724,13,1
4803,17265,13,1
1533,5556,13,1
482,1748,13,1
1598,5777,13,1
3364,12038,13,1
1937,6941,13,1
1944,6968,13,1
1105,3951,13,1
4497,16125,13,1
144,497,13,1
1847,6590,13,1
490,1774,13,1
3898,13953,13,1
4567,16395,13,1
2531,9100,13,1
3431,12291,13,1
1669,5987,13,1
54,161,13,1
4464,16036,13,1
855,3142,13,1
856,3149,13,1
4797,17226,13,1
1322,4825,13,1
4421,15865,13,1
864,3172,13,1
3644,13078,13,1
2598,9307,13,1
4064,14534,13,1
2960,10584,13,1
1914,6853,13,1
867,3185,13,1
2972,10621,13,1
2858,10208,13,1
2539,9118,13,1
4587,16464,13,1
2848,10184,13,1
538,1945,13,1
2212,7938,13,1
4146,14846,13,1
4428,15896,13,1
2833,10135,13,1
4671,16763,13,1
4225,15122,13,1
1193,4296,13,1
392,1420,13,1
729,2677,13,1
4940,17748,13,1
220,771,13,1
774,2845,13,1
219,768,13,1
4616,16575,13,1
4628,16609,13,1
3338,11939,13,1
2326,8371,13,1
4660,16717,13,1
3817,13678,13,1
1128,4036,13,1
4280,15311,13,1
1388,5021,13,1
205,715,13,1
397,1434,13,1
4929,17713,13,1
1632,5860,13,1
3838,13747,13,1
1770,6307,13,1
3839,13751,13,1
399,1452,13,1
3476,12467,13,1
181,609,13,1
2049,7338,13,1
441,1593,13,1
4172,14927,13,1
69,212,13,1
1989,7124,13,1
3781,13574,13,1
1677,6015,12,1
3834,13725,12,1
2007,7194,12,1
4259,15251,12,1
119,391,12,1
4612,16561,12,1
437,1586,12,1
4777,17160,12,1
52,157,12,1
2125,7585,12,1
1418,5116,12,1
4189,14997,12,1
4399,15790,12,1
1129,4041,12,1
1441,5208,12,1
2792,9982,12,1
1285,4666,12,1
4606,16541,12,1
1968,7052,12,1
492,1777,12,1
1608,5801,12,1
2867,10257,12,1
3971,14224,12,1
698,2589,12,1
1833,6538,12,1
1191,4292,12,1
1050,3791,12,1
318,1099,12,1
3104,11088,12,1
3854,13822,12,1
149,513,12,1
320,1115,12,1
3036,10849,12,1
2258,8110,12,1
1338,4872,12,1
707,2615,12,1
1389,5023,12,1
938,3426,12,1
2686,9624,12,1
2121,7570,12,1
3941,14120,12,1
4384,15746,12,1
3020,10783,12,1
1273,4626,12,1
3570,12832,12,1
2404,8662,12,1
539,1946,12,1
140,478,12,1
3360,12025,12,1
4194,15021,12,1
2242,8064,12,1
2055,7365,12,1
2282,8198,12,1
4511,16184,12,1
472,1711,12,1
4105,14690,12,1
782,2885,12,1
1690,6064,12,1
1620,5826,12,1
1144,4110,12,1
2663,9554,12,1
4543,16305,12,1
1823,6503,12,1
1808,6458,12,1
934,3402,12,1
3400,12182,12,1
584,2133,12,1
2477,8912,12,1
588,2146,12,1
468,1686,12,1
2998,10701,12,1
3252,11627,12,1
370,1310,12,1
3793,13609,12,1
224,781,12,1
3189,11389,12,1
3878,13890,12,1
4747,17039,12,1
2487,8943,12,1
3753,13474,12,1
1839,6558,12,1
4712,16914,12,1
641,2378,12,1
3777,13562,12,1
4294,15348,12,1
929,3387,12,1
2320,8346,12,1
2904,10396,12,1
1145,4111,12,1
438,1588,12,1
4229,15136,12,1
4764,17089,12,1
4195,15026,12,1
102,339,12,1
4763,17086,12,1
3950,14141,12,1
999,3600,12,1
475,1725,12,1
3149,11239,12,1
1727,6176,11,1
507,1823,11,1
2889,10350,11,1
2096,7519,11,1
3975,14239,11,1
3282,11708,11,1
3443,12357,11,1
3446,12369,11,1
2735,9772,11,1
367,1303,11,1
2854,10204,11,1
393,1423,11,1
2045,7323,11,1
473,1716,11,1
478,1730,11,1
1351,4897,11,1
2090,7490,11,1
4512,16187,11,1
2862,10232,11,1
2700,9675,11,1
928,3386,11,1
993,3584,11,1
433,1576,11,1
1320,4802,11,1
3620,12993,11,1
4018,14375,11,1
986,3561,11,1
2073,7417,11,1
3979,14252,11,1
1670,5989,11,1
3063,10923,11,1
4695,16842,11,1
3810,13654,11,1
4592,16475,11,1
116,380,11,1
4065,14535,11,1
3725,13361,11,1
2554,9164,11,1
772,2836,11,1
4094,14638,11,1
2341,8420,11,1
2347,8457,11,1
815,3007,11,1
3716,13341,11,1
2569,9191,11,1
285,991,11,1
1797,6420,11,1
3881,13899,11,1
3877,13889,11,1
3899,13956,11,1
2577,9230,11,1
3013,10763,11,1
166,558,11,1
4079,14596,11,1
3883,13905,11,1
4171,14923,11,1
4906,17636,11,1
4908,17655,11,1
2283,8200,11,1
3398,12162,11,1
3258,11642,11,1
1381,5006,11,1
668,2483,11,1
244,838,11,1
618,2259,11,1
2256,8100,11,1
2251,8094,11,1
4458,16023,11,1
3756,13484,11,1
4441,15946,11,1
4649,16690,11,1
2386,8599,11,1
3117,11131,11,1
4518,16207,11,1
752,2753,11,1
2627,9408,11,1
2636,9449,11,1
2376,8564,11,1
2641,9462,11,1
311,1083,11,1
322,1124,11,1
2620,9394,11,1
2908,10414,11,1
2146,7681,11,1
2653,9510,11,1
893,3247,11,1
4030,14399,11,1
4554,16360,11,1
3932,14097,11,1
2387,8600,11,1
659,2449,11,1
1788,6382,11,1
1076,3868,11,1
2393,8617,11,1
2354,8477,11,1
1679,6019,11,1
3101,11082,11,1
845,3101,11,1
1889,6751,11,1
3707,13324,11,1
2584,9255,11,1
4645,16677,11,1
2187,7860,11,1
1910,6840,11,1
1896,6772,11,1
1132,4051,10,1
187,626,10,1
4513,16198,10,1
4247,15215,10,1
225,785,10,1
3059,10907,10,1
2825,10104,10,1
2805,10034,10,1
1484,5383,10,1
997,3598,10,1
177,587,10,1
400,1453,10,1
3992,14292,10,1
4024,14385,10,1
3351,11988,10,1
1170,4222,10,1
3447,12374,10,1
1368,4952,10,1
1892,6763,10,1
4479,16078,10,1
3547,12740,10,1
1026,3705,10,1
4800,17235,10,1
18,60,10,1
2938,10506,10,1
4500,16135,10,1
3575,12845,10,1
1060,3813,10,1
3555,12790,10,1
3452,12382,10,1
314,1088,10,1
1084,3885,10,1
286,998,10,1
1836,6547,10,1
2969,10610,10,1
237,823,10,1
1841,6567,10,1
3305,11807,10,1
3030,10818,10,1
158,536,10,1
255,879,10,1
4931,17727,10,1
2995,10693,10,1
2986,10668,10,1
4216,15094,10,1
1869,6679,10,1
4824,17345,10,1
4062,14520,10,1
1878,6709,10,1
1440,5205,10,1
2366,8529,10,1
3956,14174,10,1
872,3200,10,1
4148,14857,10,1
1464,5281,10,1
2222,7967,10,1
2263,8122,10,1
797,2943,10,1
1323,4826,10,1
466,1684,10,1
2063,7386,10,1
2082,7454,10,1
4672,16766,10,1
526,1903,10,1
666,2473,10,1
3744,13436,10,1
4266,15271,10,1
3926,14053,10,1
4556,16370,10,1
2567,9185,10,1
2323,8365,10,1
4691,16824,10,1
3664,13147,10,1
4894,17598,10,1
62,184,10,1
1576,5709,10,1
2235,8036,10,1
509,1831,10,1
3197,11417,10,1
2713,9715,10,1
2704,9692,10,1
2128,7604,10,1
3721,13349,10,1
814,3006,10,1
4685,16812,10,1
485,1751,10,1
2590,9273,10,1
1621,5828,10,1
562,2039,10,1
2203,7918,10,1
3405,12197,10,1
3847,13802,10,1
3845,13796,10,1
2174,7798,10,1
4629,16611,10,1
417,1511,10,1
2358,8488,10,1
3973,14234,10,1
970,3512,10,1
2035,7288,10,1
4634,16626,10,1
4261,15253,10,1
854,3141,10,1
2154,7698,10,1
2185,7840,10,1
1333,4861,10,1
4565,16391,10,1
2415,8697,10,1
1422,5143,10,1
90,294,10,1
446,1609,10,1
3200,11428,10,1
4521,16217,10,1
2643,9468,10,1
2600,9321,10,1
3706,13323,9,1
3424,12265,9,1
4932,17728,9,1
2965,10600,9,1
811,2996,9,1
3726,13362,9,1
4700,16863,9,1
2935,10499,9,1
3729,13368,9,1
559,2025,9,1
1519,5495,9,1
4701,16867,9,1
3694,13283,9,1
572,2076,9,1
1528,5529,9,1
1523,5514,9,1
4415,15831,9,1
2562,9177,9,1
1308,4746,9,1
3904,13975,9,1
1515,5487,9,1
976,3531,9,1
3148,11238,9,1
1385,5013,9,1
3490,12521,9,1
3807,13649,9,1
4085,14614,9,1
4154,14867,9,1
3463,12414,9,1
3408,12208,9,1
4,12,9,1
755,2773,9,1
1136,4066,9,1
4164,14897,9,1
4863,17483,9,1
1278,4635,9,1
4100,14657,9,1
169,568,9,1
1397,5057,9,1
4102,14681,9,1
2380,8578,9,1
1272,4623,9,1
3342,11963,9,1
1814,6481,9,1
3494,12533,9,1
3522,12637,9,1
3050,10885,9,1
608,2222,9,1
3326,11885,9,1
3007,10740,9,1
3327,11897,9,1
4895,17602,9,1
1856,6624,9,1
4070,14562,9,1
1668,5986,9,1
4425,15879,9,1
3016,10777,9,1
3217,11510,9,1
47,144,9,1
4684,16807,9,1
2510,9021,9,1
2509,9019,9,1
3026,10800,9,1
4594,16477,9,1
3028,10804,9,1
2294,8256,9,1
3514,12608,9,1
841,3091,9,1
4793,17217,9,1
4197,15030,9,1
1461,5267,9,1
1993,7140,9,1
1737,6211,9,1
46,142,9,1
1734,6198,9,1
4328,15489,9,1
4743,17024,9,1
2040,7311,9,1
2655,9515,9,1
1586,5737,9,1
3171,11321,9,1
1011,3655,9,1
2770,9918,9,1
1689,6062,9,1
4131,14790,9,1
1041,3760,9,1
4796,17224,9,1
921,3362,9,1
4552,16342,9,1
3580,12866,9,1
494,1787,9,1
2749,9822,9,1
3630,13018,9,1
3985,14267,9,1
983,3550,9,1
385,1398,9,1
2923,10456,9,1
1414,5110,9,1
2850,10195,9,1
885,3231,9,1
4765,17091,9,1
2856,10206,9,1
4318,15441,9,1
1927,6905,9,1
879,3219,9,1
4387,15752,9,1
1056,3802,9,1
533,1937,9,1
411,1487,9,1
2813,10056,9,1
349,1228,9,1
223,779,8,1
1714,6129,8,1
2448,8802,8,1
4662,16723,8,1
1384,5012,8,1
304,1063,8,1
783,2895,8,1
2296,8270,8,1
3226,11538,8,1
1825,6511,8,1
3137,11195,8,1
1658,5942,8,1
2068,7398,8,1
3771,13543,8,1
1507,5461,8,1
3893,13936,8,1
1431,5180,8,1
631,2327,8,1
2268,8151,8,1
92,301,8,1
3234,11557,8,1
2437,8761,8,1
4943,17765,8,1
4643,16663,8,1
2775,9934,8,1
183,612,8,1
754,2770,8,1
3621,12994,8,1
3603,12935,8,1
1640,5887,8,1
430,1565,8,1
994,3585,8,1
3976,14246,8,1
2793,9990,8,1
1482,5375,8,1
414,1490,8,1
731,2682,8,1
2795,9993,8,1
4238,15180,8,1
1790,6388,8,1
703,2600,8,1
3488,12511,8,1
4652,16699,8,1
454,1639,8,1
452,1623,8,1
955,3477,8,1
3822,13690,8,1
2047,7327,8,1
89,293,8,1
1805,6453,8,1
3395,12151,8,1
88,287,8,1
2414,8696,8,1
3858,13831,8,1
3625,13003,8,1
1493,5412,8,1
3481,12496,8,1
3091,11046,8,1
4265,15268,8,1
4681,16795,8,1
2723,9736,8,1
1842,6568,8,1
2019,7228,8,1
831,3061,8,1
892,3243,8,1
3908,13992,8,1
4257,15249,8,1
515,1846,8,1
60,182,8,1
2563,9179,8,1
2666,9568,8,1
1875,6696,8,1
3720,13347,8,1
2895,10368,8,1
3151,11246,8,1
1952,7005,8,1
1871,6685,8,1
2675,9595,8,1
4457,16021,8,1
4499,16134,8,1
2963,10591,8,1
529,1914,8,1
2886,10340,8,1
128,441,8,1
875,3211,8,1
3382,12109,8,1
2934,10494,8,1
3453,12383,8,1
150,515,8,1
2626,9407,8,1
3692,13275,8,1
48,146,8,1
4718,16934,8,1
4717,16933,8,1
4044,14461,8,1
3548,12749,8,1
1599,5780,8,1
2204,7920,8,1
560,2031,8,1
2647,9492,8,1
564,2046,8,1
345,1217,8,1
913,3340,8,1
3471,12444,8,1
368,1304,8,1
4424,15877,8,1
1973,7065,8,1
1971,7062,8,1
3375,12080,8,1
4503,16151,8,1
3650,13101,8,1
3651,13106,8,1
2710,9709,8,1
923,3365,8,1
3457,12396,8,1
3286,11718,8,1
3142,11215,8,1
1961,7029,8,1
135,453,8,1
607,2221,8,1
1570,5689,8,1
2114,7558,8,1
1604,5792,8,1
1862,6644,8,1
1098,3912,8,1
2541,9127,8,1
4217,15098,8,1
4697,16851,8,1
598,2196,8,1
1698,6088,8,1
2530,9096,8,1
1018,3681,8,1
3310,11830,7,1
162,545,7,1
4869,17502,7,1
20,65,7,1
3352,11990,7,1
143,496,7,1
3196,11414,7,1
154,522,7,1
3417,12235,7,1
3336,11934,7,1
85,277,7,1
97,318,7,1
1453,5246,7,1
27,85,7,1
171,573,7,1
23,70,7,1
3248,11609,7,1
3179,11357,7,1
4901,17623,7,1
3267,11668,7,1
4106,14695,7,1
2389,8604,7,1
2612,9373,7,1
3830,13719,7,1
172,578,7,1
693,2570,7,1
4040,14448,7,1
4412,15823,7,1
4622,16599,7,1
745,2741,7,1
4611,16557,7,1
1647,5910,7,1
4350,15585,7,1
2317,8342,7,1
1651,5915,7,1
780,2883,7,1
4035,14415,7,1
2308,8318,7,1
3879,13893,7,1
2302,8285,7,1
1915,6854,7,1
673,2492,7,1
2444,8787,7,1
4472,16053,7,1
4708,16900,7,1
1857,6628,7,1
575,2089,7,1
3718,13343,7,1
1099,3916,7,1
589,2156,7,1
4471,16051,7,1
1888,6750,7,1
2458,8843,7,1
617,2258,7,1
1299,4714,7,1
2495,8969,7,1
1897,6777,7,1
4481,16080,7,1
1073,3857,7,1
4669,16757,7,1
1935,6936,7,1
2292,8245,7,1
4602,16514,7,1
1699,6089,7,1
2151,7689,7,1
1238,4505,7,1
1730,6185,7,1
4560,16378,7,1
1697,6086,7,1
2115,7559,7,1
3940,14116,7,1
2108,7543,7,1
2157,7709,7,1
2105,7538,7,1
926,3378,7,1
971,3519,7,1
4540,16290,7,1
2058,7374,7,1
4532,16271,7,1
2029,7274,7,1
2003,7183,7,1
2164,7752,7,1
791,2918,7,1
3902,13972,7,1
4601,16507,7,1
4355,15599,7,1
4596,16486,7,1
2276,8183,7,1
1038,3752,7,1
1010,3653,7,1
2238,8044,7,1
2229,7995,7,1
2182,7823,7,1
822,3031,7,1
834,3068,7,1
3909,13998,7,1
849,3123,7,1
1009,3643,7,1
3911,14004,7,1
3996,14304,7,1
3714,13337,7,1
1716,6135,7,1
2863,10233,7,1
4804,17268,7,1
2939,10513,7,1
4281,15312,7,1
2928,10470,7,1
306,1070,7,1
1140,4077,7,1
1153,4143,7,1
309,1079,7,1
212,736,7,1
1826,6518,7,1
344,1209,7,1
357,1251,7,1
2613,9374,7,1
4311,15416,7,1
2855,10205,7,1
3590,12908,7,1
2845,10175,7,1
298,1038,7,1
3549,12753,7,1
2952,10553,7,1
2970,10619,7,1
3502,12551,7,1
238,827,7,1
3029,10812,7,1
4290,15340,7,1
3512,12602,7,1
4221,15106,7,1
4444,15951,7,1
4108,14699,7,1
1812,6471,7,1
3513,12604,7,1
3524,12641,7,1
3001,10718,7,1
2988,10671,7,1
2981,10659,7,1
3535,12696,7,1
372,1321,7,1
383,1396,7,1
3045,10874,7,1
2826,10106,7,1
2699,9670,7,1
4865,17488,7,1
4076,14585,7,1
2690,9649,7,1
180,605,7,1
2683,9618,7,1
2682,9615,7,1
1837,6549,7,1
4186,14991,7,1
1589,5748,7,1
4455,16015,7,1
1314,4764,7,1
1487,5393,7,1
1592,5757,7,1
1593,5763,7,1
4191,15008,7,1
474,1717,7,1
2725,9744,7,1
1830,6530,7,1
4773,17126,7,1
3600,12930,7,1
4766,17092,7,1
1143,4102,7,1
2779,9945,7,1
2760,9867,7,1
2747,9816,7,1
1117,4004,7,1
2746,9815,7,1
464,1676,7,1
3634,13044,7,1
3086,11036,7,1
2734,9769,7,1
1567,5676,7,1
3479,12485,7,1
4286,15327,7,1
4926,17695,6,1
4068,14556,6,1
3372,12068,6,1
4407,15806,6,1
4083,14605,6,1
4494,16117,6,1
3363,12037,6,1
4488,16093,6,1
4484,16085,6,1
4934,17733,6,1
4056,14499,6,1
3355,12001,6,1
4396,15778,6,1
4459,16026,6,1
3472,12445,6,1
4529,16261,6,1
3435,12320,6,1
3751,13467,6,1
3750,13465,6,1
3734,13406,6,1
3715,13338,6,1
4702,16873,6,1
4181,14974,6,1
3684,13241,6,1
3679,13215,6,1
3666,13157,6,1
3640,13071,6,1
4683,16804,6,1
3442,12353,6,1
3592,12917,6,1
4305,15399,6,1
4816,17316,6,1
4242,15188,6,1
4871,17515,6,1
3492,12528,6,1
4230,15139,6,1
3484,12502,6,1
4689,16820,6,1
3775,13554,6,1
4924,17691,6,1
3887,13919,6,1
3947,14136,6,1
4561,16383,6,1
4267,15273,6,1
3915,14012,6,1
3385,12114,6,1
4573,16416,6,1
3901,13969,6,1
3896,13949,6,1
4595,16484,6,1
3882,13901,6,1
4674,16773,6,1
3874,13884,6,1
4621,16595,6,1
4165,14902,6,1
4646,16680,6,1
4656,16708,6,1
3815,13667,6,1
3806,13647,6,1
3796,13615,6,1
4670,16762,6,1
3833,13724,6,1
4944,17767,6,1
1667,5985,6,1
2837,10146,6,1
1376,4997,6,1
2947,10541,6,1
1390,5024,6,1
1449,5241,6,1
1456,5252,6,1
1483,5376,6,1
1500,5431,6,1
1578,5711,6,1
1610,5804,6,1
2893,10364,6,1
1622,5830,6,1
1624,5832,6,1
1662,5959,6,1
2877,10296,6,1
1707,6109,6,1
1738,6212,6,1
1763,6280,6,1
2852,10200,6,1
1772,6320,6,1
1777,6338,6,1
1782,6359,6,1
2839,10156,6,1
1793,6399,6,1
1353,4901,6,1
2566,9183,6,1
1267,4597,6,1
3072,10971,6,1
878,3218,6,1
884,3228,6,1
904,3307,6,1
937,3424,6,1
941,3431,6,1
3125,11154,6,1
3103,11086,6,1
1007,3639,6,1
1032,3727,6,1
3090,11044,6,1
1079,3873,6,1
1221,4421,6,1
3067,10941,6,1
1151,4139,6,1
1154,4154,6,1
1163,4193,6,1
1173,4226,6,1
1174,4228,6,1
1175,4230,6,1
3024,10795,6,1
1179,4241,6,1
3014,10765,6,1
1798,6423,6,1
1828,6520,6,1
3164,11290,6,1
2816,10068,6,1
2694,9663,6,1
2205,7921,6,1
2264,8125,6,1
2293,8251,6,1
2309,8321,6,1
2310,8322,6,1
2328,8378,6,1
2331,8391,6,1
2345,8443,6,1
2359,8495,6,1
2385,8597,6,1
2648,9493,6,1
2427,8726,6,1
2436,8757,6,1
2446,8794,6,1
2450,8811,6,1
2466,8864,6,1
2474,8890,6,1
2479,8921,6,1
2491,8956,6,1
2602,9328,6,1
2533,9102,6,1
2545,9138,6,1
2149,7687,6,1
2695,9665,6,1
2120,7565,6,1
1950,6995,6,1
1903,6819,6,1
1904,6821,6,1
1905,6825,6,1
1911,6841,6,1
1916,6857,6,1
1922,6881,6,1
1930,6926,6,1
1939,6947,6,1
1948,6990,6,1
2765,9887,6,1
1967,7044,6,1
2113,7553,6,1
2762,9879,6,1
2759,9866,6,1
2754,9851,6,1
1976,7078,6,1
2028,7268,6,1
2726,9750,6,1
2060,7377,6,1
2088,7467,6,1
2091,7498,6,1
2101,7530,6,1
821,3028,6,1
1271,4613,6,1
471,1698,6,1
3239,11579,6,1
356,1247,6,1
360,1268,6,1
374,1325,6,1
379,1356,6,1
402,1461,6,1
424,1536,6,1
3245,11603,6,1
484,1750,6,1
292,1014,6,1
527,1904,6,1
3227,11540,6,1
546,1977,6,1
630,2321,6,1
656,2444,6,1
667,2477,6,1
672,2491,6,1
293,1016,6,1
276,959,6,1
722,2652,6,1
67,204,6,1
3,10,6,1
21,66,6,1
25,80,6,1
30,94,6,1
32,98,6,1
34,102,6,1
35,103,6,1
3328,11900,6,1
275,958,6,1
74,246,6,1
101,336,6,1
113,366,6,1
123,412,6,1
200,691,6,1
239,828,6,1
271,946,6,1
692,2569,6,1
2580,9239,6,1
3167,11300,6,1
3181,11361,6,1
786,2906,6,1
771,2832,6,1
793,2933,6,1
723,2653,6,1
776,2859,6,1
2018,7227,5,1
3981,14255,5,1
260,910,5,1
3987,14270,5,1
2013,7214,5,1
2022,7246,5,1
4527,16249,5,1
3999,14318,5,1
2031,7277,5,1
4478,16076,5,1
250,860,5,1
3970,14223,5,1
4005,14346,5,1
2070,7407,5,1
2080,7449,5,1
247,845,5,1
4528,16254,5,1
4849,17451,5,1
202,704,5,1
2117,7561,5,1
959,3488,5,1
185,616,5,1
2131,7616,5,1
148,512,5,1
1991,7137,5,1
4522,16221,5,1
1979,7089,5,1
4790,17204,5,1
1874,6694,5,1
1891,6759,5,1
4055,14495,5,1
4054,14486,5,1
1901,6800,5,1
396,1433,5,1
4772,17123,5,1
1907,6828,5,1
979,3540,5,1
366,1301,5,1
1926,6901,5,1
4523,16224,5,1
4517,16206,5,1
4519,16210,5,1
1941,6950,5,1
328,1141,5,1
4810,17289,5,1
307,1072,5,1
1959,7026,5,1
305,1064,5,1
968,3507,5,1
3925,14043,5,1
147,510,5,1
2209,7930,5,1
2176,7805,5,1
2484,8933,5,1
2431,8741,5,1
3814,13665,5,1
792,2923,5,1
894,3252,5,1
857,3154,5,1
3792,13608,5,1
3789,13592,5,1
2476,8906,5,1
3785,13583,5,1
829,3052,5,1
2481,8926,5,1
2486,8936,5,1
146,506,5,1
4583,16450,5,1
825,3041,5,1
2503,8995,5,1
2506,9007,5,1
3745,13438,5,1
7,20,5,1
3742,13429,5,1
2538,9114,5,1
795,2935,5,1
2546,9140,5,1
3719,13344,5,1
2430,8739,5,1
3823,13694,5,1
3825,13701,5,1
4909,17657,5,1
4073,14573,5,1
2215,7946,5,1
2218,7956,5,1
133,450,5,1
2265,8126,5,1
2270,8169,5,1
4880,17548,5,1
4881,17551,5,1
3876,13888,5,1
127,437,5,1
4888,17567,5,1
787,2907,5,1
3859,13834,5,1
4892,17590,5,1
2368,8533,5,1
2373,8551,5,1
2381,8579,5,1
918,3353,5,1
2402,8655,5,1
2424,8715,5,1
3829,13717,5,1
3828,13715,5,1
915,3349,5,1
1864,6653,5,1
1006,3637,5,1
4477,16074,5,1
1305,4732,5,1
1225,4443,5,1
1237,4504,5,1
1240,4510,5,1
1247,4527,5,1
4369,15664,5,1
657,2446,5,1
1269,4604,5,1
4349,15574,5,1
1065,3829,5,1
4344,15564,5,1
1301,4722,5,1
1317,4793,5,1
1222,4425,5,1
4331,15498,5,1
4329,15495,5,1
1321,4822,5,1
1348,4891,5,1
654,2439,5,1
1354,4911,5,1
4309,15408,5,1
1357,4915,5,1
1363,4940,5,1
4293,15346,5,1
1374,4982,5,1
1223,4430,5,1
4480,16079,5,1
1834,6543,5,1
705,2611,5,1
1088,3892,5,1
1095,3908,5,1
1096,3910,5,1
1101,3933,5,1
4451,15996,5,1
1122,4023,5,1
4439,15943,5,1
4631,16613,5,1
1152,4140,5,1
4635,16632,5,1
1161,4188,5,1
1167,4213,5,1
1218,4404,5,1
4419,15849,5,1
704,2602,5,1
699,2591,5,1
4647,16684,5,1
684,2545,5,1
1180,4242,5,1
1185,4264,5,1
4409,15811,5,1
4403,15796,5,1
1217,4403,5,1
735,2696,5,1
637,2358,5,1
1377,4998,5,1
1379,5002,5,1
770,2827,5,1
1648,5911,5,1
4153,14866,5,1
500,1809,5,1
739,2715,5,1
1692,6071,5,1
1695,6077,5,1
810,2995,5,1
1718,6139,5,1
4740,17019,5,1
4742,17022,5,1
1769,6304,5,1
447,1612,5,1
1044,3771,5,1
1027,3706,5,1
1778,6340,5,1
426,1539,5,1
4101,14658,5,1
422,1527,5,1
4759,17074,5,1
418,1512,5,1
4091,14627,5,1
4088,14620,5,1
4080,14597,5,1
413,1489,5,1
4159,14876,5,1
4167,14908,5,1
519,1875,5,1
4727,16976,5,1
1386,5017,5,1
593,2183,5,1
1391,5027,5,1
1428,5172,5,1
578,2106,5,1
4706,16893,5,1
4252,15227,5,1
4707,16897,5,1
1043,3767,5,1
1511,5469,5,1
4219,15103,5,1
1529,5536,5,1
1532,5552,5,1
1039,3755,5,1
4188,14994,5,1
4187,14993,5,1
1582,5723,5,1
1587,5743,5,1
1601,5786,5,1
1603,5789,5,1
1037,3750,5,1
520,1876,5,1
1612,5811,5,1
802,2973,5,1
3345,11971,5,1
2574,9214,5,1
2646,9484,5,1
3272,11684,5,1
3598,12928,5,1
2664,9561,5,1
2659,9537,5,1
3482,12498,5,1
3266,11667,5,1
2684,9620,5,1
3589,12907,5,1
3525,12644,5,1
2967,10603,5,1
3218,11513,5,1
3000,10716,5,1
3253,11629,5,1
3539,12717,5,1
3406,12198,5,1
3003,10720,5,1
3407,12202,5,1
2617,9386,5,1
3136,11194,5,1
2706,9697,5,1
3231,11550,5,1
3230,11549,5,1
2979,10649,5,1
3416,12233,5,1
3132,11179,5,1
3578,12857,5,1
2977,10638,5,1
3577,12856,5,1
2649,9494,5,1
2882,10325,5,1
2899,10377,5,1
2974,10629,5,1
2681,9607,5,1
3495,12536,5,1
2736,9773,5,1
3434,12312,5,1
3626,13005,5,1
2955,10562,5,1
3022,10788,5,1
2766,9895,5,1
3201,11431,5,1
3165,11291,5,1
3206,11444,5,1
3186,11374,5,1
2788,9967,5,1
3359,12017,5,1
2729,9754,5,1
3441,12351,5,1
2742,9799,5,1
3552,12762,5,1
3311,11831,5,1
3309,11824,5,1
3015,10769,5,1
2801,10021,5,1
3429,12286,5,1
2802,10025,5,1
3344,11970,5,1
3371,12064,5,1
3520,12632,5,1
3073,10974,5,1
3034,10831,5,1
4302,15390,4,1
1342,4880,4,1
4300,15376,4,1
4295,15350,4,1
4310,15412,4,1
3542,12724,4,1
1362,4939,4,1
4365,15650,4,1
1311,4760,4,1
3005,10727,4,1
1155,4156,4,1
1159,4183,4,1
1160,4186,4,1
1168,4215,4,1
3508,12589,4,1
1199,4319,4,1
3515,12610,4,1
1203,4332,4,1
1215,4400,4,1
3521,12635,4,1
4338,15537,4,1
4378,15704,4,1
1241,4513,4,1
1246,4526,4,1
1250,4538,4,1
4270,15280,4,1
4358,15622,4,1
4352,15590,4,1
1296,4703,4,1
3532,12685,4,1
1399,5067,4,1
4222,15111,4,1
2929,10475,4,1
1429,5173,4,1
4109,14703,4,1
1773,6322,4,1
1785,6377,4,1
1787,6381,4,1
2838,10154,4,1
4092,14630,4,1
1804,6452,4,1
4084,14608,4,1
2821,10091,4,1
1821,6496,4,1
4069,14561,4,1
1866,6662,4,1
1883,6725,4,1
2789,9975,4,1
3614,12963,4,1
4043,14460,4,1
3618,12983,4,1
4036,14416,4,1
1931,6929,4,1
1946,6980,4,1
2764,9885,4,1
1964,7033,4,1
2753,9843,4,1
3631,13022,4,1
1980,7090,4,1
2744,9801,4,1
4001,14332,4,1
2857,10207,4,1
1760,6265,4,1
4118,14736,4,1
1509,5466,4,1
1443,5213,4,1
3554,12787,4,1
1454,5249,4,1
4253,15231,4,1
1459,5259,4,1
4246,15210,4,1
4243,15189,4,1
1473,5331,4,1
1478,5347,4,1
1502,5440,4,1
1504,5456,4,1
3500,12544,4,1
1539,5584,4,1
1729,6182,4,1
1542,5595,4,1
2903,10394,4,1
3566,12819,4,1
4160,14879,4,1
1649,5912,4,1
1665,5969,4,1
1666,5978,4,1
3346,11973,4,1
1676,6008,4,1
1681,6026,4,1
1712,6126,4,1
1717,6136,4,1
3043,10870,4,1
1091,3898,4,1
4438,15937,4,1
3387,12120,4,1
340,1192,4,1
358,1257,4,1
359,1261,4,1
3391,12131,4,1
373,1322,4,1
376,1331,4,1
3393,12143,4,1
4767,17098,4,1
405,1473,4,1
410,1486,4,1
429,1555,4,1
4749,17042,4,1
4739,17016,4,1
3236,11570,4,1
476,1726,4,1
4725,16972,4,1
3228,11543,4,1
548,1986,4,1
551,1996,4,1
4705,16884,4,1
4704,16878,4,1
574,2088,4,1
582,2119,4,1
594,2184,4,1
595,2185,4,1
610,2233,4,1
615,2253,4,1
330,1147,4,1
4820,17326,4,1
620,2268,4,1
4837,17416,4,1
9,27,4,1
12,41,4,1
13,43,4,1
4936,17739,4,1
15,51,4,1
3334,11930,4,1
33,99,4,1
3333,11923,4,1
49,150,4,1
50,151,4,1
53,159,4,1
58,176,4,1
4904,17630,4,1
79,258,4,1
87,286,4,1
4898,17609,4,1
111,364,4,1
112,365,4,1
121,399,4,1
3307,11816,4,1
132,448,4,1
160,540,4,1
168,567,4,1
3302,11792,4,1
3299,11768,4,1
210,729,4,1
231,801,4,1
4686,16814,4,1
634,2347,4,1
3044,10873,4,1
3129,11174,4,1
3470,12439,4,1
4520,16213,4,1
3112,11113,4,1
975,3528,4,1
3110,11106,4,1
982,3549,4,1
988,3566,4,1
1012,3660,4,1
3082,11012,4,1
4492,16105,4,1
1051,3793,4,1
4487,16089,4,1
4483,16084,4,1
3493,12532,4,1
2001,7175,4,1
4467,16043,4,1
3052,10888,4,1
1103,3940,4,1
1107,3964,4,1
1114,3994,4,1
1115,3997,4,1
3047,10876,4,1
1116,4000,4,1
1121,4022,4,1
3046,10875,4,1
1123,4025,4,1
1126,4034,4,1
964,3503,4,1
3464,12422,4,1
636,2355,4,1
4544,16308,4,1
646,2419,4,1
4663,16726,4,1
671,2487,4,1
681,2536,4,1
695,2573,4,1
3202,11434,4,1
4640,16656,4,1
4639,16652,4,1
713,2627,4,1
4632,16614,4,1
732,2683,4,1
3191,11392,4,1
740,2718,4,1
4610,16553,4,1
769,2822,4,1
4600,16505,4,1
3163,11288,4,1
3454,12385,4,1
3150,11244,4,1
4578,16429,4,1
873,3206,4,1
886,3233,4,1
887,3235,4,1
891,3241,4,1
895,3260,4,1
905,3308,4,1
916,3351,4,1
1997,7153,4,1
1318,4797,4,1
3739,13425,4,1
2140,7649,4,1
3803,13639,4,1
2223,7969,4,1
2348,8458,4,1
2452,8822,4,1
3966,14213,4,1
2483,8931,4,1
2640,9456,4,1
2046,7325,4,1
2488,8947,4,1
2526,9081,4,1
2534,9105,4,1
3652,13112,4,1
2217,7954,4,1
3809,13652,4,1
2041,7313,4,1
2668,9570,4,1
2691,9650,4,1
2374,8560,4,1
2189,7873,4,1
2188,7869,4,1
2508,9018,4,1
3732,13397,4,1
2585,9261,4,1
2674,9594,4,1
2610,9357,4,1
3962,14207,4,1
2678,9601,4,1
3791,13598,4,1
2089,7489,4,1
3891,13931,4,1
2271,8170,4,1
2300,8283,4,1
3895,13944,4,1
3697,13289,4,1
3667,13158,4,1
3668,13163,4,1
3748,13445,4,1
2715,9719,4,1
2346,8455,4,1
3871,13879,4,1
2701,9678,4,1
2587,9266,4,1
2062,7384,4,1
2465,8862,4,1
2677,9600,4,1
3800,13632,4,1
3864,13848,4,1
3961,14201,4,1
2343,8431,4,1
3974,14236,4,1
2285,8205,4,1
2015,7222,4,1
2426,8724,4,1
2141,7654,4,1
2156,7707,4,1
2142,7665,4,1
2549,9151,4,1
2557,9168,4,1
2145,7677,4,1
2588,9269,4,1
3639,13070,4,1
3658,13127,4,1
2403,8657,4,1
2167,7759,4,1
3821,13689,4,1
2005,7187,4,1
2162,7740,4,1
2645,9477,4,1
3989,14282,4,1
3767,13525,4,1
2606,9349,4,1
3655,13117,4,1
2738,9793,4,1
3816,13671,4,1
2552,9162,4,1
2392,8615,4,1
2026,7261,4,1
2396,8628,4,1
2990,10677,3,1
3220,11519,3,1
2246,8081,3,1
3401,12183,3,1
4354,15595,3,1
1270,4606,3,1
3399,12176,3,1
2478,8913,3,1
4357,15603,3,1
1420,5133,3,1
576,2090,3,1
2261,8120,3,1
469,1688,3,1
3663,13142,3,1
3526,12650,3,1
1227,4458,3,1
626,2309,3,1
1229,4471,3,1
1430,5178,3,1
619,2267,3,1
3790,13597,3,1
3002,10719,3,1
4376,15691,3,1
4368,15659,3,1
4696,16845,3,1
4268,15274,3,1
1425,5163,3,1
2611,9358,3,1
4364,15637,3,1
1251,4539,3,1
2480,8924,3,1
1252,4540,3,1
1255,4548,3,1
4362,15630,3,1
435,1584,3,1
1395,5053,3,1
3233,11556,3,1
1372,4969,3,1
4321,15448,3,1
463,1670,3,1
1370,4959,3,1
1345,4885,3,1
3538,12715,3,1
467,1685,3,1
4732,17000,3,1
3409,12217,3,1
2608,9354,3,1
3660,13131,3,1
479,1731,3,1
1358,4925,3,1
1360,4933,3,1
3543,12728,3,1
1366,4950,3,1
1365,4945,3,1
3773,13549,3,1
4724,16963,3,1
451,1620,3,1
2241,8063,3,1
4283,15319,3,1
3225,11534,3,1
571,2071,3,1
4710,16906,3,1
2232,8015,3,1
3772,13544,3,1
1307,4734,3,1
2493,8965,3,1
567,2065,3,1
4713,16916,3,1
536,1942,3,1
444,1603,3,1
4285,15323,3,1
4332,15510,3,1
1378,4999,3,1
3779,13571,3,1
3662,13138,3,1
4287,15331,3,1
3243,11592,3,1
3995,14299,3,1
664,2466,3,1
2287,8218,3,1
3677,13208,3,1
800,2963,3,1
3469,12437,3,1
796,2936,3,1
790,2917,3,1
2384,8592,3,1
3174,11330,3,1
1000,3601,3,1
4510,16179,3,1
3178,11353,3,1
1004,3627,3,1
3689,13265,3,1
1020,3694,3,1
2288,8223,3,1
768,2820,3,1
2438,8766,3,1
3094,11055,3,1
3078,10987,3,1
749,2748,3,1
746,2742,3,1
1054,3800,3,1
1058,3805,3,1
4618,16581,3,1
4485,16086,3,1
3188,11387,3,1
3818,13679,3,1
3162,11280,3,1
813,3002,3,1
963,3497,3,1
2428,8727,3,1
871,3199,3,1
897,3270,3,1
899,3277,3,1
900,3294,3,1
4557,16372,3,1
862,3167,3,1
852,3132,3,1
4574,16417,3,1
4553,16353,3,1
3462,12410,3,1
2420,8706,3,1
4549,16330,3,1
833,3067,3,1
4545,16316,3,1
2410,8686,3,1
4584,16455,3,1
3131,11177,3,1
4538,16287,3,1
3819,13682,3,1
4534,16277,3,1
952,3473,3,1
956,3483,3,1
1077,3869,3,1
3853,13821,3,1
730,2681,3,1
2311,8323,3,1
3505,12565,3,1
3259,11643,3,1
4416,15838,3,1
3509,12595,3,1
1176,4231,3,1
3023,10794,3,1
3213,11481,3,1
3214,11491,3,1
653,2434,3,1
1192,4295,3,1
650,2427,3,1
1197,4316,3,1
4402,15795,3,1
644,2402,3,1
4675,16774,3,1
2298,8279,3,1
4676,16776,3,1
4397,15782,3,1
1205,4347,3,1
4395,15775,3,1
1213,4395,3,1
2290,8236,3,1
3422,12258,3,1
3797,13616,3,1
2312,8324,3,1
4476,16073,3,1
3042,10866,3,1
3192,11393,3,1
3997,14310,3,1
2637,9452,3,1
710,2619,3,1
709,2618,3,1
2456,8836,3,1
706,2614,3,1
4460,16027,3,1
2457,8838,3,1
4456,16018,3,1
2676,9597,3,1
2340,8414,3,1
4449,15984,3,1
1120,4020,3,1
2333,8394,3,1
696,2576,3,1
1131,4046,3,1
688,2555,3,1
687,2553,3,1
3207,11450,3,1
4433,15920,3,1
1149,4132,3,1
4659,16716,3,1
1432,5183,3,1
1383,5011,3,1
4262,15254,3,1
2718,9726,3,1
1725,6164,3,1
2527,9091,3,1
4856,17473,3,1
2529,9093,3,1
197,675,3,1
1748,6232,3,1
1753,6246,3,1
4859,17477,3,1
196,654,3,1
4115,14728,3,1
195,653,3,1
2853,10202,3,1
1631,5859,3,1
2847,10180,3,1
3591,12915,3,1
3960,14197,3,1
3594,12921,3,1
3370,12059,3,1
1800,6435,3,1
2053,7353,3,1
2051,7342,3,1
138,469,3,1
1802,6444,3,1
2834,10136,3,1
4852,17462,3,1
4130,14787,3,1
2084,7456,3,1
1711,6124,3,1
265,923,3,1
4163,14887,3,1
4161,14880,3,1
262,913,3,1
3278,11700,3,1
254,878,3,1
3281,11706,3,1
1653,5921,3,1
1654,5929,3,1
4841,17422,3,1
3579,12859,3,1
2097,7520,3,1
2094,7506,3,1
2707,9698,3,1
227,793,3,1
226,787,3,1
3581,12873,3,1
2871,10267,3,1
1701,6092,3,1
1705,6106,3,1
3296,11761,3,1
3583,12883,3,1
1709,6112,3,1
137,460,3,1
1816,6483,3,1
1818,6488,3,1
2547,9145,3,1
45,141,3,1
40,124,3,1
37,105,3,1
3354,12000,3,1
3724,13360,3,1
3335,11933,3,1
1954,7012,3,1
4021,14379,3,1
4020,14378,3,1
1957,7020,3,1
29,92,3,1
28,86,3,1
3339,11943,3,1
3340,11947,3,1
2556,9166,3,1
4935,17736,3,1
2559,9173,3,1
1983,7103,3,1
2010,7198,3,1
1987,7120,3,1
2582,9249,3,1
2008,7196,3,1
3341,11953,3,1
4032,14406,3,1
65,193,3,1
2042,7316,3,1
4912,17660,3,1
2818,10075,3,1
3740,13426,3,1
2817,10070,3,1
117,382,3,1
3312,11832,3,1
1854,6621,3,1
2810,10049,3,1
3320,11866,3,1
2721,9730,3,1
3710,13332,3,1
2039,7305,3,1
1880,6715,3,1
2728,9753,3,1
3733,13403,3,1
1900,6789,3,1
3358,12007,3,1
73,236,3,1
3612,12960,3,1
2030,7276,3,1
1908,6830,3,1
3615,12967,3,1
3322,11872,3,1
3330,11905,3,1
1633,5868,3,1
3141,11203,3,1
2521,9060,3,1
1512,5482,3,1
1545,5615,3,1
390,1415,3,1
342,1204,3,1
4237,15178,3,1
1550,5634,3,1
3262,11653,3,1
1552,5643,3,1
1566,5674,3,1
1490,5399,3,1
4193,15011,3,1
3930,14077,3,1
4771,17120,3,1
4806,17278,3,1
1472,5329,3,1
1470,5316,3,1
2522,9067,3,1
1544,5600,3,1
352,1235,3,1
1469,5311,3,1
1537,5575,3,1
4791,17208,3,1
3268,11672,3,1
2517,9053,3,1
3561,12809,3,1
364,1285,3,1
4211,15069,3,1
2507,9008,3,1
355,1246,3,1
2118,7562,3,1
2918,10443,3,1
1540,5586,3,1
1498,5427,3,1
1497,5424,3,1
1541,5592,3,1
3264,11659,3,1
4204,15041,3,1
1581,5719,3,1
3560,12807,3,1
1467,5303,3,1
2523,9068,3,1
2926,10464,3,1
1455,5251,3,1
2884,10332,3,1
2692,9651,3,1
3260,11645,3,1
3381,12107,3,1
3924,14041,3,1
3275,11694,3,1
2897,10374,3,1
1458,5256,3,1
1606,5796,3,1
3396,12153,3,1
1442,5209,3,1
3384,12113,3,1
1605,5794,3,1
2497,8973,3,1
3567,12821,3,1
1590,5752,3,1
327,1133,3,1
325,1127,3,1
764,2807,2,1
416,1504,2,1
2,9,2,1
3321,11867,2,1
3688,13264,2,1
2561,9176,2,1
2512,9026,2,1
81,264,2,1
4785,17186,2,1
762,2799,2,1
2642,9465,2,1
96,315,2,1
4899,17615,2,1
4897,17606,2,1
748,2745,2,1
363,1281,2,1
106,355,2,1
766,2810,2,1
4757,17068,2,1
759,2781,2,1
3255,11633,2,1
2502,8990,2,1
19,64,2,1
808,2990,2,1
826,3042,2,1
3140,11200,2,1
2553,9163,2,1
823,3036,2,1
3159,11272,2,1
818,3022,2,1
2429,8735,2,1
3456,12395,2,1
449,1614,2,1
830,3056,2,1
4750,17045,2,1
4768,17105,2,1
4579,16433,2,1
851,3131,2,1
66,203,2,1
427,1544,2,1
4911,17659,2,1
3769,13538,2,1
3449,12377,2,1
382,1382,2,1
3687,13260,2,1
72,230,2,1
3169,11312,2,1
375,1326,2,1
2492,8959,2,1
4907,17640,2,1
614,2248,2,1
3741,13428,2,1
742,2720,2,1
3765,13521,2,1
310,1082,2,1
2468,8876,2,1
323,1125,2,1
3386,12117,2,1
3425,12268,2,1
4808,17283,2,1
3783,13578,2,1
216,753,2,1
3420,12245,2,1
3426,12269,2,1
213,747,2,1
3222,11529,2,1
669,2484,2,1
2467,8866,2,1
573,2087,2,1
3754,13479,2,1
4847,17440,2,1
230,800,2,1
2633,9441,2,1
283,987,2,1
3787,13589,2,1
602,2207,2,1
266,926,2,1
616,2255,2,1
264,917,2,1
3277,11698,2,1
263,915,2,1
4682,16799,2,1
4843,17430,2,1
3695,13285,2,1
2624,9403,2,1
3276,11695,2,1
3285,11715,2,1
2470,8882,2,1
3289,11737,2,1
297,1034,2,1
568,2066,2,1
4715,16924,2,1
4889,17577,2,1
3269,11675,2,1
4638,16651,2,1
3709,13330,2,1
518,1868,2,1
511,1836,2,1
3788,13590,2,1
715,2632,2,1
2445,8791,2,1
4630,16612,2,1
2490,8953,2,1
717,2639,2,1
3437,12328,2,1
726,2667,2,1
2519,9057,2,1
115,373,2,1
2443,8786,2,1
361,1275,2,1
3367,12050,2,1
354,1239,2,1
682,2543,2,1
3430,12289,2,1
190,635,2,1
184,614,2,1
174,583,2,1
4650,16693,2,1
2586,9263,2,1
348,1227,2,1
4648,16686,2,1
2461,8850,2,1
3702,13312,2,1
161,541,2,1
3743,13431,2,1
4870,17507,2,1
159,539,2,1
701,2596,2,1
524,1894,2,1
3306,11808,2,1
660,2450,2,1
4470,16048,2,1
2644,9473,2,1
3556,12794,2,1
1481,5373,2,1
2925,10462,2,1
1492,5409,2,1
1496,5420,2,1
1503,5446,2,1
3654,13116,2,1
1506,5460,2,1
3933,14100,2,1
2130,7612,2,1
1514,5486,2,1
1518,5490,2,1
1527,5526,2,1
2909,10415,2,1
4208,15050,2,1
4207,15047,2,1
4201,15038,2,1
1546,5626,2,1
1555,5649,2,1
1572,5701,2,1
3937,14110,2,1
2697,9667,2,1
1596,5769,2,1
1600,5781,2,1
3568,12823,2,1
2898,10376,2,1
1607,5797,2,1
4173,14932,2,1
2891,10355,2,1
4169,14914,2,1
1460,5261,2,1
3922,14032,2,1
1635,5873,2,1
1438,5201,2,1
2239,8047,2,1
3533,12686,2,1
2225,7974,2,1
4334,15512,2,1
2565,9181,2,1
4327,15487,2,1
1325,4835,2,1
1331,4855,2,1
4317,15439,2,1
1349,4892,2,1
1350,4893,2,1
1364,4941,2,1
2186,7845,2,1
4301,15380,2,1
2183,7829,2,1
4297,15354,2,1
1371,4961,2,1
2958,10578,2,1
2949,10548,2,1
1382,5009,2,1
2940,10515,2,1
1393,5034,2,1
3824,13699,2,1
1403,5077,2,1
1417,5114,2,1
4272,15287,2,1
2159,7726,2,1
1434,5188,2,1
1436,5193,2,1
2111,7549,2,1
1637,5879,2,1
4351,15589,2,1
1832,6537,2,1
1843,6570,2,1
2811,10050,2,1
1849,6595,2,1
1855,6622,2,1
4066,14543,2,1
1879,6711,2,1
4059,14509,2,1
1890,6757,2,1
2799,10016,2,1
2796,10001,2,1
1899,6785,2,1
4048,14471,2,1
3613,12961,2,1
2027,7266,2,1
1918,6867,2,1
2785,9962,2,1
2730,9755,2,1
1933,6933,2,1
2778,9944,2,1
4027,14394,2,1
4026,14392,2,1
2732,9758,2,1
2017,7226,2,1
1951,7002,2,1
2763,9884,2,1
4017,14374,2,1
1962,7030,2,1
1981,7099,2,1
2002,7178,2,1
1840,6560,2,1
1813,6474,2,1
2110,7548,2,1
1809,6461,2,1
2879,10303,2,1
1639,5885,2,1
2705,9693,2,1
4156,14872,2,1
1650,5913,2,1
3944,14129,2,1
1661,5953,2,1
2099,7522,2,1
4142,14826,2,1
1684,6047,2,1
1686,6052,2,1
1713,6128,2,1
2870,10260,2,1
4126,14767,2,1
3953,14159,2,1
1735,6200,2,1
2868,10258,2,1
1739,6217,2,1
4116,14730,2,1
1758,6258,2,1
3645,13085,2,1
2059,7375,2,1
2842,10160,2,1
1792,6392,2,1
3595,12924,2,1
1795,6407,2,1
4093,14633,2,1
4090,14626,2,1
2050,7340,2,1
2984,10663,2,1
2169,7768,2,1
3496,12537,2,1
4401,15793,2,1
2305,8303,2,1
3019,10782,2,1
2338,8411,2,1
1023,3697,2,1
4408,15809,2,1
1196,4314,2,1
2301,8284,2,1
2409,8684,2,1
2307,8309,2,1
1111,3980,2,1
1201,4325,2,1
957,3485,2,1
948,3462,2,1
4392,15771,2,1
944,3436,2,1
3006,10728,2,1
3127,11157,2,1
4418,15847,2,1
2281,8196,2,1
1133,4053,2,1
2658,9533,2,1
1148,4128,2,1
3108,11102,2,1
1141,4096,2,1
2325,8368,2,1
1001,3603,2,1
2388,8601,2,1
3123,11145,2,1
1021,3695,2,1
3503,12559,2,1
4524,16226,2,1
3035,10843,2,1
3095,11057,2,1
3836,13730,2,1
3868,13870,2,1
2337,8408,2,1
4501,16141,2,1
4436,15933,2,1
933,3399,2,1
3080,11002,2,1
2355,8478,2,1
1249,4532,2,1
4475,16072,2,1
3461,12406,2,1
3681,13231,2,1
902,3302,2,1
3075,10980,2,1
2361,8508,2,1
4373,15679,2,1
1242,4514,2,1
2353,8475,2,1
1046,3776,2,1
4366,15656,2,1
2349,8460,2,1
2280,8195,2,1
4482,16081,2,1
3682,13233,2,1
2417,8701,2,1
1236,4502,2,1
3056,10901,2,1
3857,13828,2,1
3054,10891,2,1
931,3395,2,1
3523,12638,2,1
2357,8484,2,1
1093,3902,2,1
1087,3891,2,1
3368,12053,1,1
3180,11358,1,1
2440,8769,1,1
1071,3848,1,1
155,530,1,1
3749,13455,1,1
2081,7451,1,1
3477,12474,1,1
1706,6107,1,1
1067,3836,1,1
1791,6391,1,1
2056,7366,1,1
1757,6256,1,1
2362,8509,1,1
4855,17470,1,1
1042,3761,1,1
182,610,1,1
1762,6276,1,1
4112,14713,1,1
995,3589,1,1
3093,11054,1,1
2371,8546,1,1
1260,4574,1,1
4063,14530,1,1
984,3558,1,1
3143,11216,1,1
3728,13367,1,1
2550,9155,1,1
2782,9953,1,1
2418,8702,1,1
4922,17689,1,1
3982,14257,1,1
917,3352,1,1
835,3069,1,1
837,3080,1,1
906,3311,1,1
859,3162,1,1
1819,6489,1,1
4015,14368,1,1
3986,14268,1,1
1978,7084,1,1
3990,14286,1,1
2558,9172,1,1
4007,14353,1,1
1988,7122,1,1
1996,7151,1,1
4941,17753,1,1
2740,9797,1,1
1936,6940,1,1
61,183,1,1
2024,7255,1,1
1925,6897,1,1
3365,12046,1,1
130,444,1,1
794,2934,1,1
2651,9507,1,1
4072,14569,1,1
965,3504,1,1
114,372,1,1
1868,6672,1,1
234,816,1,1
2540,9122,1,1
3468,12431,1,1
2543,9135,1,1
3711,13333,1,1
2033,7283,1,1
4589,16466,1,1
1893,6765,1,1
2790,9979,1,1
945,3448,1,1
940,3428,1,1
935,3409,1,1
3617,12982,1,1
3489,12519,1,1
289,1003,1,1
1655,5934,1,1
2950,10549,1,1
4687,16817,1,1
3661,13133,1,1
2966,10602,1,1
1233,4487,1,1
4383,15744,1,1
1224,4437,1,1
1369,4955,1,1
2962,10590,1,1
2284,8202,1,1
2175,7803,1,1
4748,17041,1,1
1343,4882,1,1
638,2363,1,1
2946,10540,1,1
4398,15789,1,1
3917,14015,1,1
2496,8971,1,1
425,1537,1,1
3256,11636,1,1
3018,10780,1,1
407,1480,1,1
3032,10821,1,1
501,1811,1,1
1339,4875,1,1
235,820,1,1
2689,9647,1,1
2994,10690,1,1
2989,10674,1,1
4703,16875,1,1
3699,13299,1,1
1280,4637,1,1
4356,15602,1,1
1297,4706,1,1
4342,15559,1,1
1256,4549,1,1
1304,4729,1,1
1313,4763,1,1
3412,12223,1,1
4714,16921,1,1
2980,10651,1,1
604,2215,1,1
3906,13980,1,1
543,1968,1,1
2267,8146,1,1
532,1928,1,1
4325,15478,1,1
1332,4860,1,1
1337,4871,1,1
1166,4202,1,1
1463,5275,1,1
4770,17114,1,1
590,2179,1,1
2905,10398,1,1
4809,17285,1,1
1106,3953,1,1
1591,5753,1,1
1597,5776,1,1
315,1090,1,1
4461,16028,1,1
1100,3922,1,1
1092,3901,1,1
2525,9075,1,1
1616,5817,1,1
1475,5339,1,1
3380,12105,1,1
1090,3897,1,1
270,945,1,1
2880,10307,1,1
1089,3895,1,1
4473,16057,1,1
257,882,1,1
3436,12323,1,1
3943,14124,1,1
725,2666,1,1
1568,5677,1,1
335,1161,1,1
697,2587,1,1
351,1232,1,1
1480,5365,1,1
395,1429,1,1
391,1416,1,1
4776,17150,1,1
384,1397,1,1
2597,9302,1,1
378,1343,1,1
1489,5398,1,1
3208,11457,1,1
680,2534,1,1
4431,15915,1,1
369,1309,1,1
1505,5457,1,1
1147,4125,1,1
4655,16706,1,1
2915,10434,1,1
1521,5498,1,1
3670,13165,1,1
1134,4059,1,1
1127,4035,1,1
1543,5597,1,1
0,2,1,1
